mv_id,mv_name,mv_author,mv_desc,mv_pic,playCount,publishTime,mv_url_240,mv_url_480,mv_url_720,mv_url_1080
10866251,ME!,Taylor Swift,Taylor Swift携手Brendon Urie回归新单《ME!》音乐录像带上线！从蛇到蝶的蜕变，从黑白到炫彩的着色，她编织甜腻绮丽的梦幻空间，歌颂着每一个独一无二的个性。要接纳更好的自己，因为你无可取代。,http://p1.music.126.net/x3juaZgk33hZfmp9UqnZCQ==/109951164031656279.jpg,347万,2019-04-26,http://vodkgeyttp8.vod.126.net/cloudmusic/f944/core/5f3e/42abe0f30fde8d0228f4d2c54021a63c.mp4?wsSecret=1e389b2b384e1bcccf1b63f5c94fc1ba&wsTime=1557752206,http://vodkgeyttp8.vod.126.net/cloudmusic/f944/core/5f3e/78b9ba9f2e09a410a51893f1be4792f5.mp4?wsSecret=d901deece4909be0ef1d17605e53b41f&wsTime=1557752206,,http://vodkgeyttp8.vod.126.net/cloudmusic/f944/core/5f3e/163e975ecf37f1913561efa271d51b58.mp4?wsSecret=a4b108eda7d165f4387d043b1f24d952&wsTime=1557752206
503185,Love Story,Taylor Swift,,http://p1.music.126.net/mGqjCe2UhHt7wgOCY9UZ1w==/3295236351119274.jpg,1186万,2009-06-16,http://vodkgeyttp8.vod.126.net/cloudmusic/M2IgNDBiImAgISAhJCBgMA==/mv/503185/55a95c8347cd68baf47964eb3c637faa.mp4?wsSecret=b5efa0418c68e2acbc1552ff3f4d16dd&wsTime=1557752207,http://vodkgeyttp8.vod.126.net/cloudmusic/M2IgNDBiImAgISAhJCBgMA==/mv/503185/2f1bfa93f8dfb7abad735224954fae6d.mp4?wsSecret=05d8745b05b7e6119af90eb14bd78179&wsTime=1557752207,,
5647227,Look What You Made Me Do,Taylor Swift,霉霉全新MV《Look What You Made Me Do》发布！ 霉霉MV中多种造型亮相，造型彻底黑化，亲手安葬过去的清纯霉。,http://p1.music.126.net/_n5bnOjfCWI5USfGE8cerg==/109951163018611090.jpg,2672万,2017-08-27,http://vodkgeyttp8.vod.126.net/cloudmusic/mv/20170828093240/5c4e8c88-c6b3-4886-be70-912523d2931c/93ac621b3d9c3f4f3bf7ad44c60c59fa.mp4?wsSecret=edaa2af554a9f085ffcfdf4376ba5473&wsTime=1557752208,http://vodkgeyttp8.vod.126.net/cloudmusic/mv/20170828093240/5c4e8c88-c6b3-4886-be70-912523d2931c/c0b0219645f4115dc798c4b658836291.mp4?wsSecret=e7321991d20b7ab23279e5c96503ba18&wsTime=1557752208,http://vodkgeyttp8.vod.126.net/cloudmusic/mv/20170828093240/5c4e8c88-c6b3-4886-be70-912523d2931c/c61a840d3c70d28bc4c4d7632097cd55.mp4?wsSecret=06371c9b8fe82be57a27fb61e54ef932&wsTime=1557752208,http://vodkgeyttp8.vod.126.net/cloudmusic/mv/20170828093240/5c4e8c88-c6b3-4886-be70-912523d2931c/490a186661fbc90be84193b8a032ee35.mp4?wsSecret=c4f6198847bbc5a410a34914ea465cf0&wsTime=1557752208
10866259,Taylor Swift携新单独家问候云村村民,Taylor Swift,10座格莱美大奖得主Taylor Swift携新单《ME!》强势回归！全新单曲泰勒特邀Panic! At The Disco乐队主唱Brendon Urie助阵，并喊话云村村民收听新歌，支持回归的全新专辑！,http://p1.music.126.net/aIuqZhZ71PIzgrtjS1rrKg==/109951164026234262.jpg,108万,2019-04-26,http://vodkgeyttp8.vod.126.net/cloudmusic/da20/core/d9da/5ed6c905987892a322819a434599a812.mp4?wsSecret=57eb33b0a37873a39a3e52ec4675ee98&wsTime=1557752209,http://vodkgeyttp8.vod.126.net/cloudmusic/da20/core/d9da/8402603e75befb2b5d417d4aba727849.mp4?wsSecret=6b5bfd9c369ad6747f624b0e3242862e&wsTime=1557752209,,http://vodkgeyttp8.vod.126.net/cloudmusic/da20/core/d9da/9d9b0df3f5c40f730d29014992801896.mp4?wsSecret=4dcfd62b58888aa529dd753c63c7a31a&wsTime=1557752209
361153,Blank Space,Taylor Swift,,http://p1.music.126.net/7a9c_WPNFe3M3jQhB2VqjQ==/6666339000305744.jpg,1682万,2014-11-10,http://vodkgeyttp8.vod.126.net/cloudmusic/IDEwMWA1ICImOSAwICIwZA==/mv/361153/53c54cb94b0db5d03a6f0f0ba4882b05.mp4?wsSecret=43ee9b2e50d0e7f7bfadbe2b92ec0914&wsTime=1557752210,http://vodkgeyttp8.vod.126.net/cloudmusic/IDEwMWA1ICImOSAwICIwZA==/mv/361153/baaeac3331840e0d1ae704b18e05e8a2.mp4?wsSecret=f35ee69078291c818f2570f84e1398e5&wsTime=1557752210,http://vodkgeyttp8.vod.126.net/cloudmusic/IDEwMWA1ICImOSAwICIwZA==/mv/361153/92201ce5947dc05b08ba29a1cbef33cd.mp4?wsSecret=b91ed9cebc53c559c3423cb18db99891&wsTime=1557752210,http://vodkgeyttp8.vod.126.net/cloudmusic/IDEwMWA1ICImOSAwICIwZA==/mv/361153/6c8e2594a4d44949cdb2c5d66fb5cf68.mp4?wsSecret=a44865a1a28a959aebc297378b67aec0&wsTime=1557752210
10864907,Taylor,Wiz Khalifa,美国说唱歌手Wiz Khalifa新单《Taylor》音乐录像带发布！,http://p1.music.126.net/D_Fx9aWYG168iC1qIP_bwQ==/109951164016997074.jpg,2万,2019-04-20,http://vodkgeyttp8.vod.126.net/cloudmusic/e338/core/a2f0/63d15843565e970527f2e230108c1499.mp4?wsSecret=4f5ea35c49ed88d4cd293f3a6aba7ddc&wsTime=1557752211,http://vodkgeyttp8.vod.126.net/cloudmusic/e338/core/a2f0/400e2353981f5ab7d97e36c56f50acd6.mp4?wsSecret=29992eac9742ffc75ad104b31e953c9b&wsTime=1557752211,,http://vodkgeyttp8.vod.126.net/cloudmusic/e338/core/a2f0/1d4543f72a4599202f7e5cef28d95d16.mp4?wsSecret=f4935ab48066a6d658901fbea2304b75&wsTime=1557752211
2655,I Knew You Were Trouble.,Taylor Swift,,http://p1.music.126.net/lzWAPYJZXoncLaZtW1AgJQ==/109951163509451162.jpg,921万,2013-03-26,http://vodkgeyttp8.vod.126.net/cloudmusic/IDgxMSQhYWE1YSAgIDAlYg==/mv/2655/2c5833e5909440a84ba6f64a8b947e9e.mp4?wsSecret=986a636dd1bbf53aee168b2fc71a48f0&wsTime=1557752212,http://vodkgeyttp8.vod.126.net/cloudmusic/IDgxMSQhYWE1YSAgIDAlYg==/mv/2655/1edf61577ff88f3f07bc53acc9b298c8.mp4?wsSecret=50b7f695db77273ab66c405727beef67&wsTime=1557752212,http://vodkgeyttp8.vod.126.net/cloudmusic/IDgxMSQhYWE1YSAgIDAlYg==/mv/2655/a875092fa331cc3f304c1883a3a4dc13.mp4?wsSecret=ed31e3b03ab042cd0f6d06248924a5f1&wsTime=1557752212,http://vodkgeyttp8.vod.126.net/cloudmusic/IDgxMSQhYWE1YSAgIDAlYg==/mv/2655/cd60fc2dc318157905c11011f1ae48ad.mp4?wsSecret=e871b75fdad44c05404df5fc3fe404fd&wsTime=1557752212
5691016,... Ready For It?,Taylor Swift,Taylor Swift「reputation」第二支正式单曲 'Ready For It' 音乐录像带正式首播！,http://p1.music.126.net/8DF60o7DOIkwc8diu058JQ==/109951163051049873.jpg,914万,2017-10-27,http://vodkgeyttp8.vod.126.net/cloudmusic/mv/20171027121536/be2092ab-443f-4e63-956a-a6e7dc4e3478/fc46953fc40024c5c7133ce9ddcfc34d.mp4?wsSecret=8c2eb1cd99de228bc9bf8e3f3f52f731&wsTime=1557752213,http://vodkgeyttp8.vod.126.net/cloudmusic/mv/20171027121536/be2092ab-443f-4e63-956a-a6e7dc4e3478/0e4480888d69c93675a0de744f7b1799.mp4?wsSecret=f3814e46e2fa0875d739da3815634953&wsTime=1557752213,http://vodkgeyttp8.vod.126.net/cloudmusic/mv/20171027121536/be2092ab-443f-4e63-956a-a6e7dc4e3478/0065a5979e32da2323adebff7c4ed525.mp4?wsSecret=705bab313d0c659b68db2e04e3039bb3&wsTime=1557752213,http://vodkgeyttp8.vod.126.net/cloudmusic/mv/20171027121536/be2092ab-443f-4e63-956a-a6e7dc4e3478/a1f5894e414352f034ee100115ef6ca1.mp4?wsSecret=00e28ce90790794f3eb9d2a76bff28f7&wsTime=1557752213
5855046,Delicate,Taylor Swift,Taylor Swift新单《Delicate》MV正式发布！,http://p1.music.126.net/OFaVEhK9xswIIDkKA1fDOw==/109951163185884402.jpg,479万,2018-03-12,http://vodkgeyttp8.vod.126.net/cloudmusic/mv/20180312013153/27d8b122-492a-4f0c-abde-5f9c69709a8a/e940539c6faedcac7ad408f2dff8869a.mp4?wsSecret=974045b6876e3b647ce233e7539025ff&wsTime=1557752214,http://vodkgeyttp8.vod.126.net/cloudmusic/mv/20180312013153/27d8b122-492a-4f0c-abde-5f9c69709a8a/f13dae0dc1fad0eebb138c6fa4532dbc.mp4?wsSecret=bb244c77cd2372d1fe36a9e83fa478c3&wsTime=1557752214,http://vodkgeyttp8.vod.126.net/cloudmusic/mv/20180312013153/27d8b122-492a-4f0c-abde-5f9c69709a8a/a39a0e82553dc80e44a67464cb9dca67.mp4?wsSecret=def9fcfb445cb800563c35ce8556b23a&wsTime=1557752214,http://vodkgeyttp8.vod.126.net/cloudmusic/mv/20180312013153/27d8b122-492a-4f0c-abde-5f9c69709a8a/1d22537dcb1d7e432ca037c07ba1d1bd.mp4?wsSecret=e0e16800e872cdbd30daf55c1a36357c&wsTime=1557752214
10866252,泰勒·斯威夫特携新单问候中国乐迷,Taylor Swift,,http://p1.music.126.net/Cs2tJQLTPZCFnuLxu0V5Mw==/109951164026138834.jpg,54万,2019-04-26,http://vodkgeyttp8.vod.126.net/cloudmusic/d4a1/core/b972/3677efee12dff6fdaf04b4783c122454.mp4?wsSecret=101e684390ed25a746e24cf4bcdeb2f3&wsTime=1557752215,http://vodkgeyttp8.vod.126.net/cloudmusic/d4a1/core/b972/0fdb83426c043358efe9b49f246926dd.mp4?wsSecret=02882c3e0a9828c36a9d57195a21b3b9&wsTime=1557752215,,http://vodkgeyttp8.vod.126.net/cloudmusic/d4a1/core/b972/d4512c005e08e2a86cfdafdef5eaee88.mp4?wsSecret=71b8f624f281ee17f40ee8959aec97f0&wsTime=1557752215
113112,Red,Taylor Swift,,http://p1.music.126.net/iuPnj5tvXtUNlM6MDuJdkA==/5971447650451640.jpg,624万,2013-07-04,http://vodkgeyttp8.vod.126.net/cloudmusic/MSMmMmIiMCJhYTAhIjAwMA==/mv/113112/edf70c3309121e51e0de4d443ef22c6a.mp4?wsSecret=d929a82ab078efbfd65ace78901d8b77&wsTime=1557752219,http://vodkgeyttp8.vod.126.net/cloudmusic/MSMmMmIiMCJhYTAhIjAwMA==/mv/113112/4c933f791b2bb99fd4a878176ab36da6.mp4?wsSecret=04def44cf85d019fb75676b6874dc345&wsTime=1557752219,http://vodkgeyttp8.vod.126.net/cloudmusic/MSMmMmIiMCJhYTAhIjAwMA==/mv/113112/fc21a8032777049194c31b0651234506.mp4?wsSecret=85e24f3b5f467f5e50708088ee3d2547&wsTime=1557752219,http://vodkgeyttp8.vod.126.net/cloudmusic/MSMmMmIiMCJhYTAhIjAwMA==/mv/113112/980678c46981df25bcb88baaa33e7f70.mp4?wsSecret=71900736326b9781d419df9de46f134c&wsTime=1557752219
320005,Shake It Off,Taylor Swift,,http://p1.music.126.net/j9HX911eYF_iBqWblEA-1g==/8886252976032143.jpg,702万,2014-08-19,http://vodkgeyttp8.vod.126.net/cloudmusic/IjAwISYwISAwMGRkJDAgIA==/mv/320005/d75f2062e7d8c1465c1af0109787fd12.mp4?wsSecret=ce381774270622047f5bc62f8bedf5f6&wsTime=1557752220,http://vodkgeyttp8.vod.126.net/cloudmusic/IjAwISYwISAwMGRkJDAgIA==/mv/320005/4d182dfccab14635a0181d4979f9c4c2.mp4?wsSecret=4edb1a1532ffa0090afe663118b63cb6&wsTime=1557752220,http://vodkgeyttp8.vod.126.net/cloudmusic/IjAwISYwISAwMGRkJDAgIA==/mv/320005/c95a33071a1118ced2685cd0dd9a10bd.mp4?wsSecret=b60372ca507cc1c1987f13569da57d92&wsTime=1557752220,http://vodkgeyttp8.vod.126.net/cloudmusic/IjAwISYwISAwMGRkJDAgIA==/mv/320005/c81d1ac7e44fe43cbacc212a242994b2.mp4?wsSecret=08cb3251c2c1266250527e234c6fbb10&wsTime=1557752220
466904,Wildest Dreams,Taylor Swift,Taylor Swift 《1989》专辑中的第五首歌曲《Wildest Dreams》MV，这支MV重温了40年代的风格，展现了Taylor对于非洲大草原的无限热爱，背景中的长颈鹿、大象、狮子等动物，与黄丝飘飘的女主人公和草原风貌相处得十分和谐。,http://p1.music.126.net/tOGPo9vXKZpWOsHT6whBZA==/3280942697776895.jpg,646万,2015-08-30,http://vodkgeyttp8.vod.126.net/cloudmusic/ZGAgIzAgJjAkMCMwIjJkIg==/mv/466904/edde38f8af2485692ee1abef790474e4.mp4?wsSecret=ca1efcf63410030dbe6b94ed86f92156&wsTime=1557752221,http://vodkgeyttp8.vod.126.net/cloudmusic/ZGAgIzAgJjAkMCMwIjJkIg==/mv/466904/52a796f9fa434e8a6f1575d01e57fbaf.mp4?wsSecret=d559a3f5a2f5f223217deb5ff767bc94&wsTime=1557752221,http://vodkgeyttp8.vod.126.net/cloudmusic/ZGAgIzAgJjAkMCMwIjJkIg==/mv/466904/5f860810ec5e4c96c215ede5ec745afc.mp4?wsSecret=c0b7523ad06845068cb2dd3af612c6fa&wsTime=1557752221,
5466,Safe And Sound,Taylor Swift,,http://p1.music.126.net/5W4EMZf3qjTznXl1CE7BPg==/3236962232888947.jpg,548万,2013-03-26,http://vodkgeyttp8.vod.126.net/cloudmusic/IWAgICIgMDAwMDYxISAgZA==/mv/5466/418b10ffdcc57ccb0bccd08a4f03136a.mp4?wsSecret=21471135c3e81810fdb6429107d7852b&wsTime=1557752222,http://vodkgeyttp8.vod.126.net/cloudmusic/IWAgICIgMDAwMDYxISAgZA==/mv/5466/eaf8c0a7aec67bb8ee471d30afffaa9b.mp4?wsSecret=e0ac0e8ab5e0fdb27fa21a9f51592c95&wsTime=1557752222,http://vodkgeyttp8.vod.126.net/cloudmusic/IWAgICIgMDAwMDYxISAgZA==/mv/5466/282108bd98923c92ffa3d6edf437ec25.mp4?wsSecret=908891b5a7d17db60af6ffffea46de89&wsTime=1557752222,
5809022,End Game,Taylor Swift,Taylor Swift联手Ed Sheeran 新单《End Game》MV发布,http://p1.music.126.net/-FYKpI7kuD9lguYPy8iHsg==/109951163106264211.jpg,502万,2018-01-11,http://vodkgeyttp8.vod.126.net/cloudmusic/mv/20180312014441/837e6ee5-413b-4e33-a2a7-dafcd470057c/3d1f920f64c937d75bb47f7a9e1343ca.mp4?wsSecret=6a597f109082ee9a727b56ea4e74eaf4&wsTime=1557752224,http://vodkgeyttp8.vod.126.net/cloudmusic/mv/20180312014441/837e6ee5-413b-4e33-a2a7-dafcd470057c/4e2b5be5bf05f8b98a8f3de1361922d8.mp4?wsSecret=d11bc64f3bd6cbdd7dda9ee240b6f281&wsTime=1557752224,http://vodkgeyttp8.vod.126.net/cloudmusic/mv/20180312014441/837e6ee5-413b-4e33-a2a7-dafcd470057c/fb8e0a4b6137a08b4ba8deb5a02585e5.mp4?wsSecret=7a8b09bb21b9cb20fb8329a51ea9fe9e&wsTime=1557752224,http://vodkgeyttp8.vod.126.net/cloudmusic/mv/20180312014441/837e6ee5-413b-4e33-a2a7-dafcd470057c/e8b55d8189665e9390d4e6284da9bd8e.mp4?wsSecret=a9130a3a9f544e25136f89c48b1ecefa&wsTime=1557752224
38749,You Belong With Me,Taylor Swift,,http://p1.music.126.net/HVBVADsddXyJ2r3UjgpmSw==/493680720904747.jpg,688万,2013-05-24,http://vodkgeyttp8.vod.126.net/cloudmusic/NDBkMSAyITAhMiQiMSA4NQ==/mv/38749/2723635ae89fdfd2dbb086a69e94902f.mp4?wsSecret=1250618af2155cac86d6d5b3fcf324f0&wsTime=1557752225,,,
5776032,...Ready For It? (BloodPop® Remix),Taylor Swift,霉霉Taylor Swift混音新单《…Ready for It?(BloodPop® Remix)》歌词版MV发布,http://p1.music.126.net/tOK9V95ojQDP8BFS7yp0vQ==/109951163085245958.jpg,292万,2017-12-14,http://vodkgeyttp8.vod.126.net/cloudmusic/mv/20171215045047/5f7899fb-0c98-4b4b-be80-a141d98aa695/36a296d944909b0e353960412ee5cfa2.mp4?wsSecret=b88b46cc8fb86fe2cea8e70d0ebebaa1&wsTime=1557752225,http://vodkgeyttp8.vod.126.net/cloudmusic/mv/20171215045047/5f7899fb-0c98-4b4b-be80-a141d98aa695/3308ebf6fa572513e2eeab080d1cd781.mp4?wsSecret=5f6b9405931f80636290142f34a56196&wsTime=1557752226,http://vodkgeyttp8.vod.126.net/cloudmusic/mv/20171215045047/5f7899fb-0c98-4b4b-be80-a141d98aa695/769c2f06774143210cf789f5dc1d0ce1.mp4?wsSecret=b04fc973f4ae16ed035552d78f149588&wsTime=1557752226,http://vodkgeyttp8.vod.126.net/cloudmusic/mv/20171215045047/5f7899fb-0c98-4b4b-be80-a141d98aa695/7b48fd2eadaca428e76c497369e20928.mp4?wsSecret=2aa7508bcc19ed3c7431ddc0da3a1232&wsTime=1557752226
5438013,I Don’t Wanna Live Forever (Fifty Shades Darker),Taylor Swift,霉霉Taylor Swift联手ZAYN新单《I Don’t Wanna Live Forever》MV首播！这是《五十度黑》原声首支MV，由霉霉和ZAYN出镜表演，演绎一场爱恨交织的情感故事。,http://p1.music.126.net/MGLgZBEHg1oUUsR8O2NoCQ==/18673005976866216.jpg,1200万,2017-01-27,http://vodkgeyttp8.vod.126.net/cloudmusic/MCAiICAgJCEwNmJhJWQwZA==/mv/5438013/7cf4c8f079456c92847ca6ab2d48dfe6.mp4?wsSecret=702269aa0d33302b6f1cd89820e78cd8&wsTime=1557752226,http://vodkgeyttp8.vod.126.net/cloudmusic/MCAiICAgJCEwNmJhJWQwZA==/mv/5438013/7d18b34b259ccc5b1b37e96d11bb7257.mp4?wsSecret=c13273bb2b2eeff0148a25b85cb03e98&wsTime=1557752226,http://vodkgeyttp8.vod.126.net/cloudmusic/MCAiICAgJCEwNmJhJWQwZA==/mv/5438013/22ed3efd8b04a15de268f8c89658962a.mp4?wsSecret=5bb51fdd579848bea271f345be163bba&wsTime=1557752226,http://vodkgeyttp8.vod.126.net/cloudmusic/MCAiICAgJCEwNmJhJWQwZA==/mv/5438013/50068fd84d057888ac6992567bed4a5c.mp4?wsSecret=32b99a727817619e03bf9c64a1c805ef&wsTime=1557752226
32623,22,Taylor Swift,,http://p1.music.126.net/0_PBvir_OiPxopRRJPqZJQ==/6029721766723667.jpg,426万,2013-05-17,http://vodkgeyttp8.vod.126.net/cloudmusic/MyViICAiJiIgNTE0MCIwJA==/mv/32623/babbf7e12102cfc1eb4ab694e7ec19f9.mp4?wsSecret=2450522941a7ed227c65b5c51b9cd8db&wsTime=1557752227,http://vodkgeyttp8.vod.126.net/cloudmusic/MyViICAiJiIgNTE0MCIwJA==/mv/32623/50a787aac44f6c48e7789ed82dc2f96c.mp4?wsSecret=1869ad9b5ea15745694b87df26fd8245&wsTime=1557752227,http://vodkgeyttp8.vod.126.net/cloudmusic/MyViICAiJiIgNTE0MCIwJA==/mv/32623/4d80c79aa5f2f9c325f7e5caf7b85c4c.mp4?wsSecret=dadb63f06464109e8853241fed0f5721&wsTime=1557752227,http://vodkgeyttp8.vod.126.net/cloudmusic/MyViICAiJiIgNTE0MCIwJA==/mv/32623/766eb90fe490000cce125224dc02e58b.mp4?wsSecret=b28a4c707500732823f38ce1fbcb0ee5&wsTime=1557752227
370108, Welcome To New York (The Thanksgiving Day Parade),Taylor Swift,,http://p1.music.126.net/JmE9rGDkPUNkw3jxmNdOrg==/2532175280692519.jpg,537万,2014-11-27,http://vodkgeyttp8.vod.126.net/cloudmusic/MDAgISQwYGMgMDBkNSAgMQ==/mv/370108/9b841564111ade39a0e1b7cf74c8e146.mp4?wsSecret=0b588e356cf329b39ebc099d4203192a&wsTime=1557752228,http://vodkgeyttp8.vod.126.net/cloudmusic/MDAgISQwYGMgMDBkNSAgMQ==/mv/370108/4fff92e89d06bf79f0e2d0a5587372b5.mp4?wsSecret=80d1063fc657ebac5b121fec4af5ebce&wsTime=1557752228,http://vodkgeyttp8.vod.126.net/cloudmusic/MDAgISQwYGMgMDBkNSAgMQ==/mv/370108/1c720f52d79d03565024422d12a1c53a.mp4?wsSecret=45429cf66d807174db79c5cd8f983681&wsTime=1557752228,http://vodkgeyttp8.vod.126.net/cloudmusic/MDAgISQwYGMgMDBkNSAgMQ==/mv/370108/b9ba30f90fd52ceaf72dfda448aebb13.mp4?wsSecret=7eaeb5af9e373180ec29f6090ce4bfe1&wsTime=1557752228
148090,We Are Never Ever Getting Back Together,Taylor Swift,,http://p1.music.126.net/ABNRk06WsqU7eD-qb-1Wow==/6036318836490375.jpg,358万,2013-07-19,http://vodkgeyttp8.vod.126.net/cloudmusic/MDBgJCBhMDAwNjAwMDYwYw==/mv/148090/1f9161d683f5e8e60d38d2f87d0eb6cc.mp4?wsSecret=60c226800c1f02b3521991efd533f9eb&wsTime=1557752229,http://vodkgeyttp8.vod.126.net/cloudmusic/MDBgJCBhMDAwNjAwMDYwYw==/mv/148090/f2f18ed5c74d29b8cfdb01bbbe46087a.mp4?wsSecret=2d6047ae0b5536e22f2b33c0954e079a&wsTime=1557752229,http://vodkgeyttp8.vod.126.net/cloudmusic/MDBgJCBhMDAwNjAwMDYwYw==/mv/148090/2367248534663361_1280x720.mp4?wsSecret=ce382462690cba34dc8e08835f6ad144&wsTime=1557752229,http://vodkgeyttp8.vod.126.net/cloudmusic/MDBgJCBhMDAwNjAwMDYwYw==/mv/148090/2367248534663361_1920x1080.mp4?wsSecret=10acad24a05a81223cb04e3bd31296aa&wsTime=1557752229
415232,Bad Blood,Kendrick Lamar,,http://p1.music.126.net/UqxiDCwkaZRuLmaihvlbBw==/7921981278936642.jpg,473万,2015-05-18,http://vodkgeyttp8.vod.126.net/cloudmusic/MTAjZDEgJDQgMSAwMCAhIg==/mv/415232/833aaacc37466717116aa04f6075881e.mp4?wsSecret=52b3af5be9e4cfeaaf71f90283c14595&wsTime=1557752230,http://vodkgeyttp8.vod.126.net/cloudmusic/MTAjZDEgJDQgMSAwMCAhIg==/mv/415232/10109aecd7d1130facbddfff4b8c9af1.mp4?wsSecret=0f5743c2c0c12f7e5d9d504d5e641a84&wsTime=1557752230,http://vodkgeyttp8.vod.126.net/cloudmusic/MTAjZDEgJDQgMSAwMCAhIg==/mv/415232/4338c43c78f00e34e942df06e946d735.mp4?wsSecret=74c501d4a193875bb9270533d050e21d&wsTime=1557752230,http://vodkgeyttp8.vod.126.net/cloudmusic/MTAjZDEgJDQgMSAwMCAhIg==/mv/415232/83561adbf563007e21bf4c7719ccdc2c.mp4?wsSecret=73be87e20124f6acec56174766dc2503&wsTime=1557752230
372204,Style (Victoria's Secret Fashion Show 2014) ,Taylor Swift,,http://p1.music.126.net/a2yPM-Zp42m3GA5HUfGwcQ==/2528876746101202.jpg,309万,2014-12-10,http://vodkgeyttp8.vod.126.net/cloudmusic/ZDAmJSIgMiIkNSQxYDQwJA==/mv/372204/b06cde5d287196aa5e8a9c564ffe060a.mp4?wsSecret=fbd78c0b14babf11cd66ef09e27f0b42&wsTime=1557752231,http://vodkgeyttp8.vod.126.net/cloudmusic/ZDAmJSIgMiIkNSQxYDQwJA==/mv/372204/257c52a957627e4daada5c839bc517f5.mp4?wsSecret=c4c162ece909b9f8d80dfaaef9de86a5&wsTime=1557752231,http://vodkgeyttp8.vod.126.net/cloudmusic/ZDAmJSIgMiIkNSQxYDQwJA==/mv/372204/e4d02ae7713590ff8d33f3f4908d0b74.mp4?wsSecret=f352f6962e6b3f80cb67bc42046c5818&wsTime=1557752231,
5952086,Babe,Sugarland,霉霉Taylor Swift助阵Sugarland乡村单曲《Babe》MV发布！,http://p1.music.126.net/zBQuI0f5jkWDMG20xw1BzA==/109951163343657773.jpg,118万,2018-06-10,http://vodkgeyttp8.vod.126.net/cloudmusic/99b4/mv/4b09/6712dcb604dab93855947fb271987a95.mp4?wsSecret=85945c349ded35522dd11f85242e0826&wsTime=1557752232,http://vodkgeyttp8.vod.126.net/cloudmusic/99b4/mv/4b09/4a86d293c7c1c2082fd21ddc48682771.mp4?wsSecret=4c8a91c1a1ff8c21242083818649a442&wsTime=1557752232,http://vodkgeyttp8.vod.126.net/cloudmusic/99b4/mv/4b09/c49e3d5af92deef72736eef0d4d55f7a.mp4?wsSecret=586babf87351aac6d6f83134b2ff11e3&wsTime=1557752232,http://vodkgeyttp8.vod.126.net/cloudmusic/99b4/mv/4b09/a5693505089e03a45bc8e6ac1e76ed9f.mp4?wsSecret=ec6cea4e570596a318b85af9d0525dac&wsTime=1557752232
32561,Back To December,Taylor Swift,,http://p1.music.126.net/bpJbwHronjqR9ehNJHDV_Q==/6028622255095887.jpg,210万,2013-05-17,http://vodkgeyttp8.vod.126.net/cloudmusic/ITAwMjEgMCEhMTEwYCJjMg==/mv/32561/df395bb448baf142a5ff3a25f7fd10dc.mp4?wsSecret=35a5d7d361adb6bd8678a54e308fd513&wsTime=1557752233,http://vodkgeyttp8.vod.126.net/cloudmusic/ITAwMjEgMCEhMTEwYCJjMg==/mv/32561/5b1776fa0240918fc56120a259fb7120.mp4?wsSecret=46eec2e3eefec722c7b41b93700a82b6&wsTime=1557752233,http://vodkgeyttp8.vod.126.net/cloudmusic/ITAwMjEgMCEhMTEwYCJjMg==/mv/32561/57cd2ce8678370088c6f2f0d74bd226e.mp4?wsSecret=624755f699c2fe6eae69c1e5b31bc772&wsTime=1557752233,http://vodkgeyttp8.vod.126.net/cloudmusic/ITAwMjEgMCEhMTEwYCJjMg==/mv/32561/d17a4d47011c0ab719ef5a00df7b8f14.mp4?wsSecret=4d55eeb237e2786f1451c89733188b2d&wsTime=1557752233
5297236,Wildest Dreams Enchanted ,Taylor Swift,,http://p1.music.126.net/UAwz50aN0jGA6rqFnzxhAw==/1386484164740238.jpg,157万,2015-11-28,http://vodkgeyttp8.vod.126.net/cloudmusic/NTEzNTEwNzE=/923aa4768d9357f363c1397528dbe894/7aba6059dbcf658711fa073746ef9419.mp4?wsSecret=1c1729dc612787ad04446593aeb9a356&wsTime=1557752234,http://vodkgeyttp8.vod.126.net/cloudmusic/NTEzNTEwNzE=/923aa4768d9357f363c1397528dbe894/a20cd223c575f22bb9f999ba8e69dcb4.mp4?wsSecret=cba3717ffb2202a1a9631468cdb59fb2&wsTime=1557752234,http://vodkgeyttp8.vod.126.net/cloudmusic/NTEzNTEwNzE=/923aa4768d9357f363c1397528dbe894/395c7eb6f392b6c0f74c74d376a5c336.mp4?wsSecret=4dab06a4617a83085964cfab24dc9bb9&wsTime=1557752234,http://vodkgeyttp8.vod.126.net/cloudmusic/NTEzNTEwNzE=/923aa4768d9357f363c1397528dbe894/53fafd764fa957da470766418df50a91.mp4?wsSecret=aa405fbc22339b2bfd9c36699c75560f&wsTime=1557752234
5267131,Out Of The Woods,Taylor Swift,美国乡村音乐天后Taylor Swift宣布：将自己的《Out Of The Woods》MV在2016纽约时代广场跨年演唱会上进行全球首播。无异于給全球乐迷送上一份新年大礼。,http://p1.music.126.net/eLn5ASSSJqWbdn8AE1d4Uw==/3423879211390323.jpg,407万,2016-01-01,http://vodkgeyttp8.vod.126.net/cloudmusic/MCFkIDExJmRgIDFkMTcxJQ==/mv/5267131/a55478b5e2955b0e007d54596871af3c.mp4?wsSecret=8886224e7cc6baefd04a5b2cc75faae3&wsTime=1557752235,http://vodkgeyttp8.vod.126.net/cloudmusic/MCFkIDExJmRgIDFkMTcxJQ==/mv/5267131/d09da2e23eb6f1b14dc0629381f67a30.mp4?wsSecret=187837b5e9a7721a68462fb8b63b17fa&wsTime=1557752235,http://vodkgeyttp8.vod.126.net/cloudmusic/MCFkIDExJmRgIDFkMTcxJQ==/mv/5267131/99a3739aecf8562299250ecfdea411ef.mp4?wsSecret=e21e018ef55f68b34ac21a0b9d07b496&wsTime=1557752235,http://vodkgeyttp8.vod.126.net/cloudmusic/MCFkIDExJmRgIDFkMTcxJQ==/mv/5267131/ea12bb3bef30e1cb0ca3bc1755702b02.mp4?wsSecret=2bce8a7b928c670f4b7e67b1a0a34d56&wsTime=1557752235
32576,Sparks Fly,Taylor Swift,,http://p1.music.126.net/hmNA5W7SYadhIgBqclH77A==/5980243743473818.jpg,249万,2013-05-17,http://vodkgeyttp8.vod.126.net/cloudmusic/YiIiICEkMzAwISAwISQiNA==/mv/32576/d6e1ceb3df199292fe9c0cb21093eaa1.mp4?wsSecret=05da9672918570d7d11d8865e008100f&wsTime=1557752236,http://vodkgeyttp8.vod.126.net/cloudmusic/YiIiICEkMzAwISAwISQiNA==/mv/32576/044f71900b4687887e8089c077d72761.mp4?wsSecret=6f3b83b1d391400f8ed1f8dc2b118bbb&wsTime=1557752236,http://vodkgeyttp8.vod.126.net/cloudmusic/YiIiICEkMzAwISAwISQiNA==/mv/32576/9d985e98a53cf0203a3dbc281c6c8ca0.mp4?wsSecret=67305f1a8b06f1c688a9e0128f563d12&wsTime=1557752236,http://vodkgeyttp8.vod.126.net/cloudmusic/YiIiICEkMzAwISAwISQiNA==/mv/32576/85d151471b535861f4de1ed5fa41d527.mp4?wsSecret=5377d44f3b8db1298a89d5a85a9ea797&wsTime=1557752236
2648,Begin Again,Taylor Swift,,http://p1.music.126.net/E-vDbV5GQ3PSni9_awsx_w==/2534374303709555.jpg,365万,2013-03-26,http://vodkgeyttp8.vod.126.net/cloudmusic/JCA4IjBgMyAwMzAwICAwJA==/mv/2648/5727d6ef26e79b87e620a78de681e92e.mp4?wsSecret=c0be5d3cbe05ec6070cd351e85d09f6d&wsTime=1557752237,http://vodkgeyttp8.vod.126.net/cloudmusic/JCA4IjBgMyAwMzAwICAwJA==/mv/2648/413f0f8815d716ace40dc134f6f22e53.mp4?wsSecret=77c6fab6740a59fc0dcb53d62e63f1a2&wsTime=1557752237,http://vodkgeyttp8.vod.126.net/cloudmusic/JCA4IjBgMyAwMzAwICAwJA==/mv/2648/3931162e941e163a7997b9fde805eaab.mp4?wsSecret=95ba22c837721db7d66a5f5376d2c7dd&wsTime=1557752237,http://vodkgeyttp8.vod.126.net/cloudmusic/JCA4IjBgMyAwMzAwICAwJA==/mv/2648/8451ff982e035829bf406ba92be7a5ca.mp4?wsSecret=f46e62a1bf34d19ddbfad8c1f5b23fd9&wsTime=1557752237
10761107,Swimming Pool,Taylor,,http://p1.music.126.net/ntGqBQE2wo6K2upHjTwbAw==/109951163509211434.jpg,8838,2017-05-29,http://vodkgeyttp8.vod.126.net/cloudmusic/d59e/mv/88da/0c25de45a9103716d455598ae201eff9.mp4?wsSecret=ca29fee96ac447d05cf94018ab9d7bbf&wsTime=1557752238,http://vodkgeyttp8.vod.126.net/cloudmusic/d59e/mv/88da/cc18e9eece05fff6d191edc4e07e9b32.mp4?wsSecret=123f63721539369546fad067f1be92b6&wsTime=1557752238,http://vodkgeyttp8.vod.126.net/cloudmusic/d59e/mv/88da/ca5f82a96fca83f23d126323d5bc869a.mp4?wsSecret=3fcbfd03b88a2070ef0b3750b00ddb68&wsTime=1557752238,http://vodkgeyttp8.vod.126.net/cloudmusic/d59e/mv/88da/8fdac1fd40fa9baaa4d90edf58734c9f.mp4?wsSecret=058696ffd0de98adb28246291b1ee577&wsTime=1557752238
376359,Welcome To New York/Shake It Off (New Year's Rockin' Eve 2015),Taylor Swift,,http://p1.music.126.net/pjO2QGgOV01ik1jZ3aSJCQ==/6655343884395615.jpg,79万,2015-01-01,http://vodkgeyttp8.vod.126.net/cloudmusic/ICQgYjAwIyA0IyEwYSFkYA==/mv/376359/4e3fd8b74081d3fdad656423244592c4.mp4?wsSecret=4f808028295cfd408de42e30d60f2e78&wsTime=1557752239,http://vodkgeyttp8.vod.126.net/cloudmusic/ICQgYjAwIyA0IyEwYSFkYA==/mv/376359/a66be28db146b14fb9423de17f38ff2f.mp4?wsSecret=f4d49049b84c519e31a0f51e4174e337&wsTime=1557752239,http://vodkgeyttp8.vod.126.net/cloudmusic/ICQgYjAwIyA0IyEwYSFkYA==/mv/376359/b9491a8be343fc6a1dd09eb0693c501d.mp4?wsSecret=aa468de19740cf5ef3fbcd8775026213&wsTime=1557752239,
5305406,New Romantics（巡演版）,Taylor Swift,,http://p1.music.126.net/MU4zyPVPWwXQ2PLQoAHjsA==/1389782701133799.jpg,249万,2016-04-06,http://vodkgeyttp8.vod.126.net/cloudmusic/MCAhMiAkMDggYCIwMTBgNg==/mv/5305406/98889e028005fdd3a808af8c720358c5.mp4?wsSecret=fe8939d796955729f44e81c6a6b4aad9&wsTime=1557752240,http://vodkgeyttp8.vod.126.net/cloudmusic/MCAhMiAkMDggYCIwMTBgNg==/mv/5305406/b3d103d63cdf46ce36ccb91c87d9af08.mp4?wsSecret=63e7ac8f124e21e073c6317d8bb9c045&wsTime=1557752240,http://vodkgeyttp8.vod.126.net/cloudmusic/MCAhMiAkMDggYCIwMTBgNg==/mv/5305406/bc8ce20b9e0ceb9ed0c57e72fccd2e06.mp4?wsSecret=507d4da386ccdc2279055b47299dbd97&wsTime=1557752240,http://vodkgeyttp8.vod.126.net/cloudmusic/MCAhMiAkMDggYCIwMTBgNg==/mv/5305406/5ae2755d245403eb0bbf76ba4edfd776.mp4?wsSecret=49ba36bf32ef262714a59aa354326e29&wsTime=1557752239
372207,Blank Space (Victoria's Secret Fashion Show 2014) ,Taylor Swift,,http://p1.music.126.net/_tgsmxNG3jDt-o03vVfx1g==/2543170397226897.jpg,185万,2014-12-10,http://vodkgeyttp8.vod.126.net/cloudmusic/IWE0NCI0MGQhImEhMDI4JA==/mv/372207/1f8052d3d8a6db40bf3c41036cd8c266.mp4?wsSecret=7b8027ec8795ba7d443790e2f9facec6&wsTime=1557752242,http://vodkgeyttp8.vod.126.net/cloudmusic/IWE0NCI0MGQhImEhMDI4JA==/mv/372207/9dd4d83e7249754ac3bd0fef32d4debb.mp4?wsSecret=1f13b0ac7b47ab4673c026921d042743&wsTime=1557752242,http://vodkgeyttp8.vod.126.net/cloudmusic/IWE0NCI0MGQhImEhMDI4JA==/mv/372207/483fa64cc4a8d971d452c43fbd221d63.mp4?wsSecret=27cb7f461587c2182d7d5b070fd0b038&wsTime=1557752242,
5410071,Clean,Taylor Swift,霉霉Taylor Swift《Clean》巡演背屏版MV发布！,http://p1.music.126.net/f6R387zJumuqGG9elIWR6g==/3402988508153597.jpg,198万,2016-12-13,http://vodkgeyttp8.vod.126.net/cloudmusic/IDQ2YGAwMWA4MiYiJSAgMg==/mv/5410071/7601d41d3428ceb7bf43babd7145aa45.mp4?wsSecret=e4d7311bb95e6f53e430608b1cfcb8b6&wsTime=1557752243,http://vodkgeyttp8.vod.126.net/cloudmusic/IDQ2YGAwMWA4MiYiJSAgMg==/mv/5410071/72b2f686f4994894bf5b14198a0ee6cf.mp4?wsSecret=e8e414b8690d718a3d63831d92e306e2&wsTime=1557752243,http://vodkgeyttp8.vod.126.net/cloudmusic/IDQ2YGAwMWA4MiYiJSAgMg==/mv/5410071/1bdcf3a5c3a90a3608b662aac0cafe2f.mp4?wsSecret=58b6660f1524696da765332ff6d3ae3d&wsTime=1557752243,
355082,TSwift On The Voice (Promo) ,Taylor Swift,,http://p1.music.126.net/ghQ4coy9iOj2o-TZjG0XLg==/6628955604841695.jpg,42万,2014-10-23,http://vodkgeyttp8.vod.126.net/cloudmusic/MDAlMDAgMDgwMCAwODAiIA==/mv/355082/8db5fc606af49281bcedc1fe9bbb60e1.mp4?wsSecret=fd3fc328d59e881688c6307e9f2d5f5f&wsTime=1557752244,http://vodkgeyttp8.vod.126.net/cloudmusic/MDAlMDAgMDgwMCAwODAiIA==/mv/355082/e0e3c9b770dcd39ee666c0df994fae75.mp4?wsSecret=f4c1ed2f75ca07726dd9932bb0b9bc9a&wsTime=1557752244,http://vodkgeyttp8.vod.126.net/cloudmusic/MDAlMDAgMDgwMCAwODAiIA==/mv/355082/732e79839088f0d816f5a85f37aa08df.mp4?wsSecret=2eda377455ad1f5863c191526eeed807&wsTime=1557752244,http://vodkgeyttp8.vod.126.net/cloudmusic/MDAlMDAgMDgwMCAwODAiIA==/mv/355082/bc005bfa862c67a6cd1d6bf7d02046cd.mp4?wsSecret=ae2e8430fb61e8e24a806eda5d5c0846&wsTime=1557752244
5924072,Gorgeous (Live at The Biggest Weekend),Taylor Swift,Taylor Swift最新英国The Biggest Weekend夏日演唱会表演热单《Gorgeous 》!,http://p1.music.126.net/kdZLJGbXpSy8DygJ7n5YGg==/109951163321071971.jpg,79万,2018-05-27,http://vodkgeyttp8.vod.126.net/cloudmusic/mv/20180528042427/05500731-b0c7-4b34-92a3-633bdf3b1178/cd0e81c44bc436fed4c4b2a157c4a782.mp4?wsSecret=7bf8f768315419fabc1d6822847075c7&wsTime=1557752245,http://vodkgeyttp8.vod.126.net/cloudmusic/mv/20180528042427/05500731-b0c7-4b34-92a3-633bdf3b1178/1109faeeafec11dac275cc130b170441.mp4?wsSecret=611c9ae98a2bafed0e3b8df84e559ea5&wsTime=1557752245,http://vodkgeyttp8.vod.126.net/cloudmusic/mv/20180528042427/05500731-b0c7-4b34-92a3-633bdf3b1178/80d51a14c46833874342d764afd73023.mp4?wsSecret=6fae02e696a51d33323e43a9f833e2ff&wsTime=1557752245,http://vodkgeyttp8.vod.126.net/cloudmusic/mv/20180528042427/05500731-b0c7-4b34-92a3-633bdf3b1178/6a225dfb1161eb81a2d3d9029c17bc58.mp4?wsSecret=998143104ccda49a40dfbfb03494cdde&wsTime=1557752245
10865638,ME! Behind The Scenes: The Story of Benjamin Button,Taylor Swift,Taylor Swift回归新单《ME!》音乐录像带幕后拍摄花絮释出，霉霉收养的新萌宠Benjamin Button可爱出镜。,http://p1.music.126.net/Wa2m4Nx3gX_zOlENALg5Fw==/109951164036911905.jpg,7万,2019-04-30,http://vodkgeyttp8.vod.126.net/cloudmusic/1d02/core/8b93/57ff27e6375b55d1cdf70ca7c6a18191.mp4?wsSecret=c8470a0f90306185ffc8c4537c6ccdce&wsTime=1557752246,http://vodkgeyttp8.vod.126.net/cloudmusic/1d02/core/8b93/1493d0d7eea15b9c504b1c6df27d3e0c.mp4?wsSecret=b3142b4276bab47d46b229134e69f828&wsTime=1557752246,,http://vodkgeyttp8.vod.126.net/cloudmusic/1d02/core/8b93/70393757215da6b0207b64901284723e.mp4?wsSecret=2735c5aa4c7ca7dd28819412f63cd971&wsTime=1557752246
10849496,Better Man (Live at The BlueBird Cafe),Taylor Swift,"Taylor Swift于纳什维尔蓝鸟咖啡馆吉他弹唱热单《Better Man》,系音乐纪录片《Bluebird》片段。",http://p1.music.126.net/TzKp_9XyGcCItbH4JL38uA==/109951163803512894.jpg,11万,2019-01-18,http://vodkgeyttp8.vod.126.net/cloudmusic/f446/mv/5aca/f28777023f4ca54075261c9fd32bd935.mp4?wsSecret=1dc4ccfc0ff08067b87013578d0b1fc4&wsTime=1557752247,http://vodkgeyttp8.vod.126.net/cloudmusic/f446/mv/5aca/227b29a9d5b7ee4c0630e0ae60387958.mp4?wsSecret=a41edc28d09ba40772d15690197149eb&wsTime=1557752247,,
422357,I  Knew You Were Trouble(2013维多利亚的秘密秀现场),Taylor Swift,,http://p1.music.126.net/W9N1ESrrNT_wY_Hg4v21ng==/7938473953032432.jpg,185万,2013-12-10,http://vodkgeyttp8.vod.126.net/cloudmusic/OGAgIDUiICZkYDEwMmYgNg==/mv/422357/f20ae44f0ddeaa2f57a07a9cebde3e69.mp4?wsSecret=d56414d2f9b0ac36c1829d77fd5d722b&wsTime=1557752248,http://vodkgeyttp8.vod.126.net/cloudmusic/OGAgIDUiICZkYDEwMmYgNg==/mv/422357/39e81097a207091a9b727a606b3b0ee0.mp4?wsSecret=66eb8737c132b9b376333fdb6d43a229&wsTime=1557752248,http://vodkgeyttp8.vod.126.net/cloudmusic/OGAgIDUiICZkYDEwMmYgNg==/mv/422357/fc7ef1c291e9f1cd4b118930edb6dc02.mp4?wsSecret=35c799593e13536794f1ee6e70742a92&wsTime=1557752248,
2680,Mean,Taylor Swift,,http://p1.music.126.net/4opRq7Ng2lB5PQKSe3V2KA==/6064906138812471.jpg,203万,2013-03-26,http://vodkgeyttp8.vod.126.net/cloudmusic/JDExICEgMGEwIiEgNCAiIA==/mv/2680/afff1e8c812b9903e9b04e27d94bfcb9.mp4?wsSecret=7c9f96bc742578692924a262f02d4fe3&wsTime=1557752249,,,
334124,Two Is Better Than One,Boys Like Girls,,http://p1.music.126.net/JLJKkwZUtKoPXYbba6q7Ag==/6655343883188028.jpg,52万,2009-12-11,http://vodkgeyttp8.vod.126.net/cloudmusic/MSAiMSEwIGJkZCAxICAgZA==/mv/334124/bd25c3900c4c15617ff3b3a4a8a58e0e.mp4?wsSecret=9799920ef56a734743fccbfa01ca41ba&wsTime=1557752250,http://vodkgeyttp8.vod.126.net/cloudmusic/MSAiMSEwIGJkZCAxICAgZA==/mv/334124/9126264eb45f4e6c3553af295b2dc96c.mp4?wsSecret=2a7d4a18f790f0ee618ed98e5b6e37fd&wsTime=1557752250,,
32574,Mine,Taylor Swift,,http://p1.music.126.net/ds3HAiQUjDfTndh6n0kj_g==/6062707115556967.jpg,111万,2013-05-17,http://vodkgeyttp8.vod.126.net/cloudmusic/IDBhZmQwITEwJCAiIGAgIg==/mv/32574/bee45303025da65f54c7528f412c6be6.mp4?wsSecret=7a5b3d5377730b779f93ee1ad78caa97&wsTime=1557752251,http://vodkgeyttp8.vod.126.net/cloudmusic/IDBhZmQwITEwJCAiIGAgIg==/mv/32574/b80a9d8411399613ad5a86f5f8d4f352.mp4?wsSecret=2ef7f549c7f3793c479a14bb8431adf8&wsTime=1557752251,http://vodkgeyttp8.vod.126.net/cloudmusic/IDBhZmQwITEwJCAiIGAgIg==/mv/32574/a090bd3f81f5a9ab518d742b86e58b79.mp4?wsSecret=a68d9bb00ec528b312b59cd2844705e0&wsTime=1557752251,http://vodkgeyttp8.vod.126.net/cloudmusic/IDBhZmQwITEwJCAiIGAgIg==/mv/32574/2605b039290a9b5125067335bc2d769b.mp4?wsSecret=1dad3bac4dfaa624006dd26fbd45737b&wsTime=1557752251
5910166,Delicate (Vertical Video),Taylor Swift,Taylor Swift新单《Delicate》官方竖版MV上线！,http://p1.music.126.net/odtH3aEZhx5G1e5EgHTaeg==/109951163301255304.jpg,85万,2018-05-15,http://vodkgeyttp8.vod.126.net/cloudmusic/mv/20180516111516/a45a2ed2-d5d5-47cd-9a4c-df031487b40a/34ff02ef50860210271001fa3fa2a4e8.mp4?wsSecret=3250e263d7efdb1ff7fb290ddc82394e&wsTime=1557752252,http://vodkgeyttp8.vod.126.net/cloudmusic/mv/20180516111516/a45a2ed2-d5d5-47cd-9a4c-df031487b40a/4e31273ff5335683fca7d3e0d549655e.mp4?wsSecret=c2d713be3b28ef33c0348f648a60837f&wsTime=1557752252,http://vodkgeyttp8.vod.126.net/cloudmusic/mv/20180516111516/a45a2ed2-d5d5-47cd-9a4c-df031487b40a/ccf9b246ed2135eef2cc5357192d61ac.mp4?wsSecret=9d82f44f9bebb106f3f9198a977fdec7&wsTime=1557752252,http://vodkgeyttp8.vod.126.net/cloudmusic/mv/20180516111516/a45a2ed2-d5d5-47cd-9a4c-df031487b40a/166fdbf1dfb0fdfa050879ebc3ac7e4b.mp4?wsSecret=d887716277f7dce8115bb0282b87e622&wsTime=1557752252
10782460,reputation Stadium Tour (预告),Taylor Swift,Taylor Swift世界巡演reputation Stadium Tour纪录片预告！,http://p1.music.126.net/mRIl4z_KkXdXituC3pqt3Q==/109951163724108709.jpg,16万,2018-12-13,http://vodkgeyttp8.vod.126.net/cloudmusic/1ab6/core/d0af/4c9d48b7ec1fa6f8b49875f0a4bb770a.mp4?wsSecret=151769f1284e7b15b162673af8672294&wsTime=1557752253,http://vodkgeyttp8.vod.126.net/cloudmusic/1ab6/core/d0af/dcbfaa22c891fdc0fa92990f6ad45181.mp4?wsSecret=f657c5673202385633857ca516d1518d&wsTime=1557752253,,http://vodkgeyttp8.vod.126.net/cloudmusic/1ab6/core/d0af/d5721ab02d81bff584d01c2757f9b183.mp4?wsSecret=11d2e8c84e5b6943f474a54c89cb9d80&wsTime=1557752253
148053,Everything Has Changed,Taylor Swift,,http://p1.music.126.net/pSuWBT2mNQ6r5BzNaiB1Ig==/5987940324868230.jpg,119万,2013-07-19,http://vodkgeyttp8.vod.126.net/cloudmusic/YCRiMDExICEiYyIgYCEwYg==/mv/148053/2253998836994229_426x240.mp4?wsSecret=48aa71e712a3b408e63938baa8415b07&wsTime=1557752254,http://vodkgeyttp8.vod.126.net/cloudmusic/YCRiMDExICEiYyIgYCEwYg==/mv/148053/2253998836994229_852x480.mp4?wsSecret=5fa9c8c598c5337f0b22af338ed52678&wsTime=1557752254,http://vodkgeyttp8.vod.126.net/cloudmusic/YCRiMDExICEiYyIgYCEwYg==/mv/148053/2253998836994229_1280x720.mp4?wsSecret=ddea55ff35517bbb851c28e050361a53&wsTime=1557752254,http://vodkgeyttp8.vod.126.net/cloudmusic/YCRiMDExICEiYyIgYCEwYg==/mv/148053/2253998836994229_1920x1080.mp4?wsSecret=18d58b8e53d651f556a7a4d772a39372&wsTime=1557752254
351234,Taylor Swift Live @ iHeart Radio,Taylor Swift,,http://p1.music.126.net/cttDXH5gbZezY4H9fNaZlg==/3229265650823152.jpg,109万,2014-10-28,http://vodkgeyttp8.vod.126.net/cloudmusic/Y2AgJDUgJGA0YCQgJjAwIA==/mv/351234/a1bcccb9acf4d1a04e2561014cf9408b.mp4?wsSecret=e62835f317c101437ba1b4addf8c20fd&wsTime=1557752255,http://vodkgeyttp8.vod.126.net/cloudmusic/Y2AgJDUgJGA0YCQgJjAwIA==/mv/351234/6a116e3cba5e06907adb941834bab137.mp4?wsSecret=27945dc0e4941a3018dc6bfa22769880&wsTime=1557752255,http://vodkgeyttp8.vod.126.net/cloudmusic/Y2AgJDUgJGA0YCQgJjAwIA==/mv/351234/f34520b7193edf353d5f665f19599c78.mp4?wsSecret=7a62d612f1122c01c49d9744cbb63060&wsTime=1557752255,
10731057,Angels (Live),Taylor Swift,霉霉Taylor Swift和“坏小子”罗比·威廉姆斯同台了！霉霉最新Reputation巡演伦敦站第二天邀请了罗比·威廉姆斯，并一同表演了《Angels》。,http://p1.music.126.net/HdJsdFUJoW83aiM339A4Bg==/109951163375203599.jpg,22万,2018-06-24,http://vodkgeyttp8.vod.126.net/cloudmusic/39c0/mv/f9db/98e630dbb4a6916f0bfd14aff7a20503.mp4?wsSecret=6c1baaa3eeb2caece39f27b28488dadb&wsTime=1557752256,http://vodkgeyttp8.vod.126.net/cloudmusic/39c0/mv/f9db/20ca1e2cb01c79732d22830a73f355a9.mp4?wsSecret=b2a46d1ee482ad30eb4ad3ac17c66267&wsTime=1557752256,http://vodkgeyttp8.vod.126.net/cloudmusic/39c0/mv/f9db/601f8bcb5a7e57cb30ce7f8de0635c6b.mp4?wsSecret=69e53d1584bd5e6627231d987d6418ba&wsTime=1557752256,
473021,Red (live @CMA Award),Taylor Swift,,http://p1.music.126.net/8rgLVJOjB4bDd8tF5kC2hQ==/7942872001368628.jpg,57万,2013-11-06,http://vodkgeyttp8.vod.126.net/cloudmusic/IDAzIGRgYDAwMTE4MCAwIA==/mv/473021/6bb0091cfb2d628db59642907fe6df86.mp4?wsSecret=15a543afd44268f59a384c5e7a85f359&wsTime=1557752257,http://vodkgeyttp8.vod.126.net/cloudmusic/IDAzIGRgYDAwMTE4MCAwIA==/mv/473021/b01032eb848aeadf090e14d8f556c84e.mp4?wsSecret=3ba42f7f66b4a05aae242fa5b125c2ba&wsTime=1557752257,http://vodkgeyttp8.vod.126.net/cloudmusic/IDAzIGRgYDAwMTE4MCAwIA==/mv/473021/64be2f755ee968af3005a39aeb147086.mp4?wsSecret=7ee1ef0296f926ccc90c1e76803f280d&wsTime=1557752257,http://vodkgeyttp8.vod.126.net/cloudmusic/IDAzIGRgYDAwMTE4MCAwIA==/mv/473021/61db3a5be19a42b0f55776b62c140191.mp4?wsSecret=f7125ada2afaf149447c30990deb4af2&wsTime=1557752257
2719,Long Live,Taylor Swift,,http://p1.music.126.net/rRZbzJ8MerhzrHzfkjRTvw==/5937362790056183.jpg,96万,2013-03-26,http://vodkgeyttp8.vod.126.net/cloudmusic/MCUiOCQ0MDAiMDAwMCEwIw==/mv/2719/5c771f145121cb0ef3e0d715459054f6.mp4?wsSecret=fbde0832455d1fb7e110c16e92c9a969&wsTime=1557752258,http://vodkgeyttp8.vod.126.net/cloudmusic/MCUiOCQ0MDAiMDAwMCEwIw==/mv/2719/ce72714ec39dea2f37ba8b5cba865cb0.mp4?wsSecret=d3fc996b6b7a7284fbc34b1ec9423b98&wsTime=1557752258,http://vodkgeyttp8.vod.126.net/cloudmusic/MCUiOCQ0MDAiMDAwMCEwIw==/mv/2719/0d29fda2ba11364cbe73286c547a53c9.mp4?wsSecret=b9d512869c56dac34f3bdf0feb91e40f&wsTime=1557752258,http://vodkgeyttp8.vod.126.net/cloudmusic/MCUiOCQ0MDAiMDAwMCEwIw==/mv/2719/71639897ebd1fb51b086c116e92b15dc.mp4?wsSecret=290ca7b7073c58bdd4f3d1b557e832e6&wsTime=1557752258
418045,Love Story (Radio 1's Big Weekend 2015),Taylor Swift,,http://p1.music.126.net/7EG1gTwhyW2RIO9BF91Ebw==/7914284697586125.jpg,79万,2015-05-24,http://vodkgeyttp8.vod.126.net/cloudmusic/MSIgMCAxYTAiICAyMyEwJQ==/mv/418045/f6ba8428fc9fd58594a245d7bf5ad859.mp4?wsSecret=24238b56a72120af4f5117c0026060ed&wsTime=1557752260,http://vodkgeyttp8.vod.126.net/cloudmusic/MSIgMCAxYTAiICAyMyEwJQ==/mv/418045/6f8751c3544ce739f267598c1fb94967.mp4?wsSecret=165a682e88f75411610df2027c7a389c&wsTime=1557752260,http://vodkgeyttp8.vod.126.net/cloudmusic/MSIgMCAxYTAiICAyMyEwJQ==/mv/418045/6b8db817f54bee1bc98ceb6c87b0ff11.mp4?wsSecret=eb6f586fa277cd5eda2e9edeec91f5d0&wsTime=1557752260,http://vodkgeyttp8.vod.126.net/cloudmusic/MSIgMCAxYTAiICAyMyEwJQ==/mv/418045/709dd7ced856e6023a681e7d8b49b408.mp4?wsSecret=fd9eda4e6dbdf0258f3ae8689d581cc9&wsTime=1557752260
357101,Welcome To New York (David Letterman) ,Taylor Swift,,http://p1.music.126.net/LpiIRI_wLj1gTE__M4fe9g==/6671836558407669.jpg,31万,2014-10-29,http://vodkgeyttp8.vod.126.net/cloudmusic/IDEhNCEgMDAxITA1MDEhIg==/mv/357101/a78e9e9698dad7820e6db32d07def247.mp4?wsSecret=284a7efd0cbbe16fce44825bb675799a&wsTime=1557752261,http://vodkgeyttp8.vod.126.net/cloudmusic/IDEhNCEgMDAxITA1MDEhIg==/mv/357101/0a627438129cb3318ab80b622503ebb1.mp4?wsSecret=f645eeb5ccd6e34776bb80539fd5f5c3&wsTime=1557752261,http://vodkgeyttp8.vod.126.net/cloudmusic/IDEhNCEgMDAxITA1MDEhIg==/mv/357101/289b82deca86a0475b926d435a06415e.mp4?wsSecret=87f2fefc966a464f6b5fa85387f89d32&wsTime=1557752261,http://vodkgeyttp8.vod.126.net/cloudmusic/IDEhNCEgMDAxITA1MDEhIg==/mv/357101/a02504ad3b11ba327e8f6a8b458e8172.mp4?wsSecret=c23df8997c9af06a9a14717411e14771&wsTime=1557752261
384758,Blank Space（2015全英音乐奖现场表演）,Taylor Swift,,http://p1.music.126.net/pyBvGMnhQSVXbgwFvThS1g==/7774646720253560.jpg,46万,2015-02-26,http://vodkgeyttp8.vod.126.net/cloudmusic/ODJkYCBhIyJgICQ2IzQwIA==/mv/384758/75cee97cb7739df5a4dad0ba49eda5a9.mp4?wsSecret=31617ddc7b6cd73887bd1dd12f2a202d&wsTime=1557752261,http://vodkgeyttp8.vod.126.net/cloudmusic/ODJkYCBhIyJgICQ2IzQwIA==/mv/384758/86229457a7b13a4593b2e087fc348b6a.mp4?wsSecret=36d7d088ca80ea2b6ce02ebd931b45a7&wsTime=1557752261,http://vodkgeyttp8.vod.126.net/cloudmusic/ODJkYCBhIyJgICQ2IzQwIA==/mv/384758/89eb3b2ef3aeafeb9ffd83890b282544.mp4?wsSecret=d74cde2111bc02a94e057945ac7a4ccb&wsTime=1557752262,http://vodkgeyttp8.vod.126.net/cloudmusic/ODJkYCBhIyJgICQ2IzQwIA==/mv/384758/5dfbe898c03ab8714d375db321595473.mp4?wsSecret=b5376cf1eb4fbaa4224d76e01fb482ca&wsTime=1557752261
22009,Highway Don't Care,Tim McGraw,,http://p1.music.126.net/X02bP58Dc4_CVKo4fCU8Jw==/2305675983447210.jpg,78万,2013-05-07,http://vodkgeyttp8.vod.126.net/cloudmusic/IDVgJCUhYCBiICEwJiAwYA==/mv/22009/95d3642374b8a805296a96eba304f894.mp4?wsSecret=9af7aff0bdbb7912fb51d8784eebf46a&wsTime=1557752262,http://vodkgeyttp8.vod.126.net/cloudmusic/IDVgJCUhYCBiICEwJiAwYA==/mv/22009/b381a24d0beb75508f0e6f19a7ec71fd.mp4?wsSecret=48a1afd7672a32fc789c8cb621bedf17&wsTime=1557752262,http://vodkgeyttp8.vod.126.net/cloudmusic/IDVgJCUhYCBiICEwJiAwYA==/mv/22009/a6330696455ae34261ca3ff6a1b13c7f.mp4?wsSecret=5e94c9789474566acd5254f3701668ab&wsTime=1557752262,
5669082,Look What You Made Me Do - The Birdcage ,Taylor Swift,,http://p1.music.126.net/5Ocmi5B7mpqdy72XIMVc6w==/109951163031125000.jpg,74万,2017-09-21,http://vodkgeyttp8.vod.126.net/cloudmusic/mv/20170925034755/07f96d57-d2f8-4af4-9c24-c794d2959b2a/ab5f1eb9326bf59ebb9e4b5656a2dd88.mp4?wsSecret=a42ef9d7a36f26120096603f7e10bd7a&wsTime=1557752263,http://vodkgeyttp8.vod.126.net/cloudmusic/mv/20170925034755/07f96d57-d2f8-4af4-9c24-c794d2959b2a/57e9dec07fd5142b0d5866bcbc2d9949.mp4?wsSecret=e999a34fbc6331b851c6f63425d6b8bd&wsTime=1557752263,http://vodkgeyttp8.vod.126.net/cloudmusic/mv/20170925034755/07f96d57-d2f8-4af4-9c24-c794d2959b2a/0b71f955fc2f89a611c9e5f4285f3945.mp4?wsSecret=65f5fa4eb707622687324e7bc0a04f87&wsTime=1557752263,http://vodkgeyttp8.vod.126.net/cloudmusic/mv/20170925034755/07f96d57-d2f8-4af4-9c24-c794d2959b2a/fff6d1b00443f9bcc63d609f679886e1.mp4?wsSecret=5d870a521f6180e9f13f19f085a6bfa0&wsTime=1557752263
463728,We Are Never Ever Getting Back Together (Live Summertime Ball 2013) ,Taylor Swift,,http://p1.music.126.net/Icr2KTEp1LPSIoNreKLYhA==/7791139395551274.jpg,16万,2013-06-22,http://vodkgeyttp8.vod.126.net/cloudmusic/ITAhMjAjMDUgMGAxJSQgMA==/mv/463728/de991a27297a04ded0487d797c98854c.mp4?wsSecret=2f02b89cd9c59621c28637ed237db964&wsTime=1557752264,http://vodkgeyttp8.vod.126.net/cloudmusic/ITAhMjAjMDUgMGAxJSQgMA==/mv/463728/5d70ecfbb3462437ea0caff2ee041b31.mp4?wsSecret=574e7b5638ecff2685227e2da78a37da&wsTime=1557752264,http://vodkgeyttp8.vod.126.net/cloudmusic/ITAhMjAjMDUgMGAxJSQgMA==/mv/463728/9006743630e99b97440826cfbf6e70e2.mp4?wsSecret=b45c54fb0ee945c000c709ec369b7df9&wsTime=1557752264,
5452054,Super Saturday Night (超级碗预热演唱会Part1),Taylor Swift,霉霉Taylor Swift今年超级碗预热演唱会官方率先曝光开场3首歌表演——New Romantics、Blank Space和I Knew You Were Trouble！,http://p1.music.126.net/hY76cr4yxG2lHd4RVkc0fA==/19096317951230725.jpg,102万,2017-03-07,http://vodkgeyttp8.vod.126.net/cloudmusic/MDBgMCMiMCMhMCAwNDAwYA==/mv/5452054/6c2130c3735cc9160c4adaea1feb058c.mp4?wsSecret=54dee18b3bd0c02557ba64955439e920&wsTime=1557752265,http://vodkgeyttp8.vod.126.net/cloudmusic/MDBgMCMiMCMhMCAwNDAwYA==/mv/5452054/ba8444d60952ac13e891f8873dcb4ff1.mp4?wsSecret=161929183192266285b5457e33097902&wsTime=1557752265,http://vodkgeyttp8.vod.126.net/cloudmusic/MDBgMCMiMCMhMCAwNDAwYA==/mv/5452054/50305e4eea3f7d9a0e222a2a072620d8.mp4?wsSecret=c12813eaffff109865ccfb2e2ea5705d&wsTime=1557752265,http://vodkgeyttp8.vod.126.net/cloudmusic/MDBgMCMiMCMhMCAwNDAwYA==/mv/5452054/5e45ae0941e03319c82cabbe4acdc7b0.mp4?wsSecret=bb69b5d3085a7efe1ce5e2d0bd0598e2&wsTime=1557752265
382758, All Too Well (Live at Grammy Awards 2014),Taylor Swift,,http://p1.music.126.net/bV_6wGJ_XTc4-Bb5osGQ_A==/7873602766692542.jpg,49万,2014-01-26,http://vodkgeyttp8.vod.126.net/cloudmusic/IGYmIDEkITBlIWBkMDEkMA==/mv/382758/1a69a05863215129744f446620a6ed1b.mp4?wsSecret=cba0028e4bf366c827784de16b46a2f9&wsTime=1557752267,http://vodkgeyttp8.vod.126.net/cloudmusic/IGYmIDEkITBlIWBkMDEkMA==/mv/382758/38fb2b7840a49a6648e939e076ac6813.mp4?wsSecret=1c399e57dd417d7a2f7410afe6f6af96&wsTime=1557752267,http://vodkgeyttp8.vod.126.net/cloudmusic/IGYmIDEkITBlIWBkMDEkMA==/mv/382758/9a1966a6e7e57a46f40a8dac60d93ea1.mp4?wsSecret=4f1137656f0b20e7f734f93e2d790631&wsTime=1557752267,http://vodkgeyttp8.vod.126.net/cloudmusic/IGYmIDEkITBlIWBkMDEkMA==/mv/382758/69383be4fbcb453f3719566f1ae293ce.mp4?wsSecret=4bb96884a6398ca3112d0e09d14623f8&wsTime=1557752267
5670096,Look What You Made Me Do - Zombie Transformation,Taylor Swift,Taylor Swift《Look What You Made Me Do》MV最新花絮释出,http://p1.music.126.net/8cXaHQLemvn58ojVR_vMRg==/109951163031120214.jpg,69万,2017-09-21,http://vodkgeyttp8.vod.126.net/cloudmusic/mv/20170925034947/5490a9a4-b3b8-4595-902d-dfbd63184f99/97aa4dbcbc2b37faf7ab78a16ec8dea9.mp4?wsSecret=ef22812f51ede7638eb531aee09101a2&wsTime=1557752268,http://vodkgeyttp8.vod.126.net/cloudmusic/mv/20170925034947/5490a9a4-b3b8-4595-902d-dfbd63184f99/5d85fd3727406e3b7c4efd17e3ef0867.mp4?wsSecret=4fe8aaf3a6f1a8d2e56db663fc6dcfde&wsTime=1557752268,http://vodkgeyttp8.vod.126.net/cloudmusic/mv/20170925034947/5490a9a4-b3b8-4595-902d-dfbd63184f99/90a502a7a2125e4f3458b4f227b2765e.mp4?wsSecret=559504c00ce48d073742a06da03f87af&wsTime=1557752268,http://vodkgeyttp8.vod.126.net/cloudmusic/mv/20170925034947/5490a9a4-b3b8-4595-902d-dfbd63184f99/19238f00bb8dd05d580b99ef2f225b25.mp4?wsSecret=d63cf5ce69882f205b5a15d03c501e71&wsTime=1557752268
5670099,Look What You Made Me Do- Taylor Mountain,Taylor Swift,,http://p1.music.126.net/OQS1AQILVf4KI1ZoV2_ITg==/109951163031117424.jpg,88万,2017-09-21,http://vodkgeyttp8.vod.126.net/cloudmusic/mv/20170925035136/d4dffa46-53eb-4873-a6e7-c12b28e03b95/636e430f88077f69e61eeedd3bde0024.mp4?wsSecret=b2c4da7edf9db0e0e2cb1bfcb2533d02&wsTime=1557752268,http://vodkgeyttp8.vod.126.net/cloudmusic/mv/20170925035136/d4dffa46-53eb-4873-a6e7-c12b28e03b95/9d0a43a8242453a2e87ba5cf1139bfa0.mp4?wsSecret=d9d2a72ed200a52ed17bdab372ecc7cf&wsTime=1557752268,http://vodkgeyttp8.vod.126.net/cloudmusic/mv/20170925035136/d4dffa46-53eb-4873-a6e7-c12b28e03b95/451c41e2460bb521f93d5abc26eebffe.mp4?wsSecret=852ab12d7a6ee21a638d0ac216aa8712&wsTime=1557752268,
5771027,Gorgeous (Live At Capital’s Jingle Bell Ball 2017),Taylor Swift,,http://p1.music.126.net/78OHIdzogQeunBJwi2PEig==/109951163081230141.jpg,93万,2017-12-10,http://vodkgeyttp8.vod.126.net/cloudmusic/mv/20171211012330/41fa712e-3792-49e7-9572-47ac0ea2b7a6/522b0e2a8a3d5a90d5656f1bf26b5c49.mp4?wsSecret=98d74696afab1566b155b42398390983&wsTime=1557752269,http://vodkgeyttp8.vod.126.net/cloudmusic/mv/20171211012330/41fa712e-3792-49e7-9572-47ac0ea2b7a6/cd187c44ff578d8274015992dca7009e.mp4?wsSecret=32447e95862c3562fdb159e17df30c46&wsTime=1557752269,http://vodkgeyttp8.vod.126.net/cloudmusic/mv/20171211012330/41fa712e-3792-49e7-9572-47ac0ea2b7a6/50fcdd37e4a53951c0199a7317019ae6.mp4?wsSecret=4ab3573676987c146c7ff75441ea1c3c&wsTime=1557752269,http://vodkgeyttp8.vod.126.net/cloudmusic/mv/20171211012330/41fa712e-3792-49e7-9572-47ac0ea2b7a6/05001167c19c4a24d0cedbab888e61e6.mp4?wsSecret=d092af8a8b60b2fe6cbff7097b36f43a&wsTime=1557752269
5771028,Look What You Made Me Do (Live At Capital’s Jingle Bell Ball 2017),Taylor Swift,,http://p1.music.126.net/wC81z78Kd8ZA4gWg3eu-QQ==/109951163081229746.jpg,56万,2017-12-10,http://vodkgeyttp8.vod.126.net/cloudmusic/mv/20171211012550/7abc68e7-abc4-4d39-906e-4d98ac9400a4/923c3db4edb8fc68d8baed708d7b737c.mp4?wsSecret=e6fd0b9f990e14e7d14c8da79aa3e471&wsTime=1557752271,http://vodkgeyttp8.vod.126.net/cloudmusic/mv/20171211012550/7abc68e7-abc4-4d39-906e-4d98ac9400a4/c09a430c36ba91ee6747e02d37343cc5.mp4?wsSecret=7de0f05e03afd2b8f0ced5e52b5e81f8&wsTime=1557752271,http://vodkgeyttp8.vod.126.net/cloudmusic/mv/20171211012550/7abc68e7-abc4-4d39-906e-4d98ac9400a4/9543ae9979f9fc219d7acfc63d4ab59a.mp4?wsSecret=34372bcaf0c2a96956b9136b679ec67d&wsTime=1557752271,http://vodkgeyttp8.vod.126.net/cloudmusic/mv/20171211012550/7abc68e7-abc4-4d39-906e-4d98ac9400a4/82152f1260073bc3ee72fe8a019bee18.mp4?wsSecret=16b89209137fb0008ca13251c42bcab0&wsTime=1557752271
37109,Fearless,Taylor Swift,,http://p1.music.126.net/F1FBij1EKbW2gAqUOzoMEA==/5975845696962713.jpg,58万,2013-05-24,http://vodkgeyttp8.vod.126.net/cloudmusic/ZiEiMDAyYSRiIiAiMGEgMA==/mv/37109/33aaa704f853f1e7b03417f1d8085896.mp4?wsSecret=f7ff27c73fe6260adf77091cea43c40d&wsTime=1557752272,http://vodkgeyttp8.vod.126.net/cloudmusic/ZiEiMDAyYSRiIiAiMGEgMA==/mv/37109/2e699e8a673386c37c702c00aafdb1c4.mp4?wsSecret=22cc100c63bf5aadf0177d3168805135&wsTime=1557752272,http://vodkgeyttp8.vod.126.net/cloudmusic/ZiEiMDAyYSRiIiAiMGEgMA==/mv/37109/c024340af9d48eaa7dc4c43ace11ae29.mp4?wsSecret=bcd1ffd483105dfc75911311b8ca49ac&wsTime=1557752272,
505084,Dear John (Live on Speak Now World Tour 2011),Taylor Swift,,http://p1.music.126.net/pVUvBMFbOARPWF2_S6bWaQ==/3395291908527347.jpg,33万,2011-01-01,http://vodkgeyttp8.vod.126.net/cloudmusic/IjAwImIgICA0IiMkMCAwZA==/mv/505084/d0becc2f928b9e7528f0fd64f956c5b9.mp4?wsSecret=36679d795f86eb7ad306771a2ee3dfce&wsTime=1557752272,http://vodkgeyttp8.vod.126.net/cloudmusic/IjAwImIgICA0IiMkMCAwZA==/mv/505084/d3303fdc98a5fa361ad0efb304e107f7.mp4?wsSecret=fa68a2967caf9b14261ef74b57a7b29e&wsTime=1557752272,http://vodkgeyttp8.vod.126.net/cloudmusic/IjAwImIgICA0IiMkMCAwZA==/mv/505084/3ed9ebbb19a6cc0e0841460f1f5fafea.mp4?wsSecret=b357f29a09b1e4e1a952a5328189e6fb&wsTime=1557752272,
366103,Blank Space (The Voice 2014),Taylor Swift,,http://p1.music.126.net/xRV_dcMvFXkjBaq1BKEolw==/3240260768303225.jpg,28万,2014-11-26,http://vodkgeyttp8.vod.126.net/cloudmusic/ITAgJCEgJGIwJTMwIDA0MQ==/mv/366103/f5c110c9af9242394d2686efa267e733.mp4?wsSecret=70dcb1bdbe02488f697b6db0ac2ee83b&wsTime=1557752273,http://vodkgeyttp8.vod.126.net/cloudmusic/ITAgJCEgJGIwJTMwIDA0MQ==/mv/366103/497ef780ec5776182a501f1d52ebe097.mp4?wsSecret=b49b1fd13f152789f7e7c33d665029d2&wsTime=1557752273,http://vodkgeyttp8.vod.126.net/cloudmusic/ITAgJCEgJGIwJTMwIDA0MQ==/mv/366103/c4728d0b54ba49395ee8d20e55787b74.mp4?wsSecret=ae5ad6a56314248e145e9e853aece56e&wsTime=1557752273,http://vodkgeyttp8.vod.126.net/cloudmusic/ITAgJCEgJGIwJTMwIDA0MQ==/mv/366103/6b62d6ce63429cdd1e0ea72a2f052172.mp4?wsSecret=fd06927a769c69e033e5df4151dab9cb&wsTime=1557752273
325217,Tim McGraw,Taylor Swift,,http://p1.music.126.net/qz2xhdUf3HNnif2ZO2J3gQ==/8984109510625956.jpg,34万,2006-07-22,http://vodkgeyttp8.vod.126.net/cloudmusic/MCQyJGEgISAgIWExZDBgMA==/mv/325217/b31505b56442c045a632f90e94198795.mp4?wsSecret=a3ee87984aaf0c8c1b1d6c4eea8aad81&wsTime=1557752274,,,
5293221,Enchanted (Speak Now World Tour Live Concert),Taylor Swift,,http://p1.music.126.net/TKyeLqZWtyPpLEn1gGLG_A==/1413971955085318.jpg,62万,2012-03-04,http://vodkgeyttp8.vod.126.net/cloudmusic/MTI5MDc0OTc=/30d5fd2e670ed9c4670148d11d7867a7/3d4bae188d9fd7e6412dea4f23505181.mp4?wsSecret=3e24a38f2721760585c7636725cfd049&wsTime=1557752275,http://vodkgeyttp8.vod.126.net/cloudmusic/MTI5MDc0OTc=/30d5fd2e670ed9c4670148d11d7867a7/cf72964735790d0cb8eb465de3ea7395.mp4?wsSecret=1f21e91d7433233f3059ea2eaeb87d94&wsTime=1557752275,http://vodkgeyttp8.vod.126.net/cloudmusic/MTI5MDc0OTc=/30d5fd2e670ed9c4670148d11d7867a7/b814e97ebb34eae865518a4e7f1ffd9d.mp4?wsSecret=76d60d6e50bfcfb84ee7e0e208dcd590&wsTime=1557752275,
10771084, Tim McGraw (Live at reputation stadium tour),Taylor Swift,,http://p1.music.126.net/yPhZ1kfMoW7dpcjTi4UeEA==/109951163523444710.jpg,6万,2018-08-26,http://vodkgeyttp8.vod.126.net/cloudmusic/815e/mv/4509/8f5b37bb7ce37b12bdd3d6bbf46890e4.mp4?wsSecret=0089a98431feed5f27098b43d13d647b&wsTime=1557752276,http://vodkgeyttp8.vod.126.net/cloudmusic/815e/mv/4509/f3a941d5dd85c411ea82d22b894e399b.mp4?wsSecret=e35911e65e54640448c1dd04f853b3b4&wsTime=1557752276,http://vodkgeyttp8.vod.126.net/cloudmusic/815e/mv/4509/1e0381bd13cd5ebb2d5e7016a58d9868.mp4?wsSecret=fd983da18c7aeac858b84b58dc46a3e6&wsTime=1557752276,
5566263,Enchanted / Wildest Dreams (Live @ 2016 F1 Concert),Taylor Swift,霉霉Taylor Swift在2016年10月的一级方程式赛车演唱会现场表演的《Enchanted》以及《Wildest Dreams》 官方视频！,http://p1.music.126.net/AV-ud8pDcLuh7Q9DHSDDvg==/19041342370019223.jpg,64万,2017-06-21,http://vodkgeyttp8.vod.126.net/cloudmusic/OTAjMDAgIDBgMCEwMyA2JQ==/mv/5566263/ff99706e75e449777a94ccea88bb8e1f.mp4?wsSecret=1da4a54daf66b2bf3ad284735b2bc8b3&wsTime=1557752277,http://vodkgeyttp8.vod.126.net/cloudmusic/OTAjMDAgIDBgMCEwMyA2JQ==/mv/5566263/6945436b1007ce5960260b5a38d75aa1.mp4?wsSecret=da5749128a16edbffe3b3060564ce1f4&wsTime=1557752277,http://vodkgeyttp8.vod.126.net/cloudmusic/OTAjMDAgIDBgMCEwMyA2JQ==/mv/5566263/6db754117c98dde2b132067d3e081fef.mp4?wsSecret=50df09dced1df55711401f656ba699e9&wsTime=1557752277,http://vodkgeyttp8.vod.126.net/cloudmusic/OTAjMDAgIDBgMCEwMyA2JQ==/mv/5566263/6565a8970f671102a2fe3bae9dd714ed.mp4?wsSecret=fb5039deb49b5355a09c7cb3719c85b1&wsTime=1557752277
425803,Both of Us,B.o.B,,http://p1.music.126.net/4BkjErA1KAeK4iQ8DcgCrQ==/7735064302387385.jpg,42万,2012-06-27,http://vodkgeyttp8.vod.126.net/cloudmusic/MCIwYTEgMDIwMSEwIiBgJA==/mv/425803/21b7977263805e009c6e5209e32bed99.mp4?wsSecret=1c215e5bbc614443414ab8567a0255d7&wsTime=1557752279,http://vodkgeyttp8.vod.126.net/cloudmusic/MCIwYTEgMDIwMSEwIiBgJA==/mv/425803/77419ca17b3985339fc7ff1fe5a02ebd.mp4?wsSecret=ef9d0402fd4460726b8bb8b8ed11da86&wsTime=1557752279,http://vodkgeyttp8.vod.126.net/cloudmusic/MCIwYTEgMDIwMSEwIiBgJA==/mv/425803/2ac44e397c84efe7a18c63887f7f771f.mp4?wsSecret=9df7266138f3fb3781b91a72bb02434a&wsTime=1557752279,
37897,Our Song,Taylor Swift,,http://p1.music.126.net/D3DB8SMmOq6RxpJxnN09Pw==/5975845696962727.jpg,57万,2013-05-24,http://vodkgeyttp8.vod.126.net/cloudmusic/JWE1MTAgISQwNCBgISEiIA==/mv/37897/1accdbb5e496f77de9a5c5f2fef7fbed.mp4?wsSecret=66cc28447db9d2855fd06edafee2eebf&wsTime=1557752279,,,
5902362,Pop Profiles 3-Taylor Swift 流行档案 3-泰勒·斯威夫特,Taylor Swift,,http://p1.music.126.net/0qQ54frZlUmqnFj7Z_Q8YA==/109951163289765509.jpg,23万,2018-05-09,http://vodkgeyttp8.vod.126.net/cloudmusic/YGIgYDAmMiIwIDBhMCA0MA==/mv/5902362/2fbcb09e4fd8511e9ae3837293de597e.mp4?wsSecret=5c943fc84f543b6a5ad5999f4521d18c&wsTime=1557752281,http://vodkgeyttp8.vod.126.net/cloudmusic/YGIgYDAmMiIwIDBhMCA0MA==/mv/5902362/73afe5fb83f0da84c12875b2fc5a44ad.mp4?wsSecret=7ad92c772685c0734f13d7b13eccafa0&wsTime=1557752281,http://vodkgeyttp8.vod.126.net/cloudmusic/YGIgYDAmMiIwIDBhMCA0MA==/mv/5902362/cbef1949acc6af716cc1e51e63eac816.mp4?wsSecret=5ba57c57187cf268aa8398bfa1df999c&wsTime=1557752281,http://vodkgeyttp8.vod.126.net/cloudmusic/YGIgYDAmMiIwIDBhMCA0MA==/mv/5902362/4cdf832af394a94a6f068c8c4dbc92d6.mp4?wsSecret=27479a889b0f0bb8a5d2b90d853adccf&wsTime=1557752281
418084,Taylor Swift - Live @ BBC Radio 1's Big Weekend 2015,Taylor Swift,,http://p1.music.126.net/SKiDhTW5nsDkJ2Ktfv8Lsg==/2943392629351458.jpg,27万,2015-05-24,http://vodkgeyttp8.vod.126.net/cloudmusic/ICBgIDNhMWExIDIiJiQwJg==/mv/418084/c8b76e53cdaaf1fcb87a72dc1724bd87.mp4?wsSecret=7ba1b4f5cf67aea2979dfdd317e8e4e7&wsTime=1557752282,http://vodkgeyttp8.vod.126.net/cloudmusic/ICBgIDNhMWExIDIiJiQwJg==/mv/418084/1570fba66802c698b70e472e67f31271.mp4?wsSecret=ee2d70a16f79f181a6ca20e466114c5b&wsTime=1557752282,http://vodkgeyttp8.vod.126.net/cloudmusic/ICBgIDNhMWExIDIiJiQwJg==/mv/418084/25ed9452915273b674355266db1240d8.mp4?wsSecret=cfd97370ed6913ccd3e21f4ecbff9fa1&wsTime=1557752283,
5771026,...Ready For It (Live At Capital’s Jingle Bell Ball 2017),Taylor Swift,,http://p1.music.126.net/81ZkeQ8Qtrs96Ij6f9ZkMg==/109951163081226270.jpg,46万,2017-12-10,http://vodkgeyttp8.vod.126.net/cloudmusic/mv/20171211011759/88dcbd9c-9226-47cd-b634-e53a284f5528/0dc1fb4c5ebb7f3f15105bd3dac42a65.mp4?wsSecret=2e11d7f0fcbf815cc77634224af4d0b8&wsTime=1557752283,http://vodkgeyttp8.vod.126.net/cloudmusic/mv/20171211011759/88dcbd9c-9226-47cd-b634-e53a284f5528/8c303eb6a3539b43fe854e1bce6a3f17.mp4?wsSecret=a7ce8284b5c34a73eefd315ae995d6c3&wsTime=1557752283,http://vodkgeyttp8.vod.126.net/cloudmusic/mv/20171211011759/88dcbd9c-9226-47cd-b634-e53a284f5528/c1c23e30efeea401d8f7e20881d9eb5f.mp4?wsSecret=167733375347243479e023799e00a5bb&wsTime=1557752284,http://vodkgeyttp8.vod.126.net/cloudmusic/mv/20171211011759/88dcbd9c-9226-47cd-b634-e53a284f5528/2c02772a4b9d281cfa38892afc8a4f9d.mp4?wsSecret=2fcfcadc01a8a19d5079963c7b6dadc2&wsTime=1557752284
5402207,How You Get The Girl (Live),Taylor Swift,霉霉Taylor Swift在格莱美博物馆不插电表演《How You Get The Girl》MV曝光！,http://p1.music.126.net/uR-MVESzhCj_XPc0tfadEg==/3444769945341564.jpg,44万,2016-12-05,http://vodkgeyttp8.vod.126.net/cloudmusic/ZDA0NCEgYCIiMSAwNSEgJg==/mv/5402207/f14ad28896cd8ec704c6ffdbb33b7922.mp4?wsSecret=935a65c1df5cba05fcc2d50e0418cf9f&wsTime=1557752284,http://vodkgeyttp8.vod.126.net/cloudmusic/ZDA0NCEgYCIiMSAwNSEgJg==/mv/5402207/344440bb598a4e5e787bdd09caf0acb7.mp4?wsSecret=0b3dbb35cfa10c5e9b1d6c4194d75f49&wsTime=1557752284,http://vodkgeyttp8.vod.126.net/cloudmusic/ZDA0NCEgYCIiMSAwNSEgJg==/mv/5402207/ca854ff45a0cf7a830a8653feb4e0640.mp4?wsSecret=709a2c63ef47ff5dcccafb8235389d68&wsTime=1557752284,http://vodkgeyttp8.vod.126.net/cloudmusic/ZDA0NCEgYCIiMSAwNSEgJg==/mv/5402207/d5d5515eea94196332b8f14b01c38db3.mp4?wsSecret=f7fd7e4e74832e6577ffe3592ce8a4f6&wsTime=1557752284
202051,The Last Time,Taylor Swift,,http://p1.music.126.net/PN1dsXEBgbmp-cHC_gX2RA==/6058309069045937.jpg,32万,2013-11-16,http://vodkgeyttp8.vod.126.net/cloudmusic/JDEkIjckMCQwMCEmMCExIQ==/mv/202051/bfda4dc1422058b9b8e1321cb3b81b7f.mp4?wsSecret=326d1c229671f11547d99c9c6c7bfd03&wsTime=1557752285,http://vodkgeyttp8.vod.126.net/cloudmusic/JDEkIjckMCQwMCEmMCExIQ==/mv/202051/e479ec12d3b6b447a06646b2fb4817f8.mp4?wsSecret=ca22b940d386af63ed45ffea2d37e77a&wsTime=1557752285,http://vodkgeyttp8.vod.126.net/cloudmusic/JDEkIjckMCQwMCEmMCExIQ==/mv/202051/9ad988f6acadbcc85e4ce36c918128a2.mp4?wsSecret=c185371508a453eddb92a1da18fb69bb&wsTime=1557752285,http://vodkgeyttp8.vod.126.net/cloudmusic/JDEkIjckMCQwMCEmMCExIQ==/mv/202051/82463372127382_1920x1080.mp4?wsSecret=15122227953fcc39ea952f0cac2f8617&wsTime=1557752285
10866083,Taylor Swift performed at TIME100 Gala,Taylor Swift,Taylor Swift于《时代》杂志百大人物晚宴上表演《Style》与《Delicate》片段赏析。,http://p1.music.126.net/u6GN1fY8ddplGZBttJOCKg==/109951164021487021.jpg,2万,2019-04-24,http://vodkgeyttp8.vod.126.net/cloudmusic/37f5/core/195d/f16838370fceaa590ef2bd404ebbc7aa.mp4?wsSecret=be9353128dfd54d0c52a2b583e394102&wsTime=1557752286,http://vodkgeyttp8.vod.126.net/cloudmusic/37f5/core/195d/68fd4932bff5b15a25233f4d06612d59.mp4?wsSecret=cec250ea31271e09622c0023d8901de4&wsTime=1557752286,,http://vodkgeyttp8.vod.126.net/cloudmusic/37f5/core/195d/0ec724334e327120497c554c0ec8c4aa.mp4?wsSecret=911cdaea52c7b8e0f921b8078f537b3a&wsTime=1557752286
5779970,End Game (Live at iHeartRadio Jingle Ball),Taylor Swift,,http://p1.music.126.net/TaBbnwzFiVYRSlfoXhtKtw==/109951163185910034.jpg,19万,2018-01-11,http://vodkgeyttp8.vod.126.net/cloudmusic/NTFkNDBgIDA2ICIhMGYgJA==/mv/5779970/2a93299b684ec73557193e6640bc1e61.mp4?wsSecret=4781c5aa166a31331f5188f7cdf8d264&wsTime=1557752287,http://vodkgeyttp8.vod.126.net/cloudmusic/NTFkNDBgIDA2ICIhMGYgJA==/mv/5779970/d3a356f93c66173a19218e4b1ec3d84f.mp4?wsSecret=87960af5db2c4fb8afdf4fae38191015&wsTime=1557752287,http://vodkgeyttp8.vod.126.net/cloudmusic/NTFkNDBgIDA2ICIhMGYgJA==/mv/5779970/40461c751d0a84a091cb71ca3d249e1c.mp4?wsSecret=057419df9c468df4ed431fb4bc817ab7&wsTime=1557752287,http://vodkgeyttp8.vod.126.net/cloudmusic/NTFkNDBgIDA2ICIhMGYgJA==/mv/5779970/fe7e44fb58eada6c46dd71497e3aa0e4.mp4?wsSecret=31d141c106c8d78ddb2c92e9943c8d0a&wsTime=1557752287
480206,Victoria's Secret Fashion Show 2013,Taylor Swift,,http://p1.music.126.net/iOz4yCEk9tyB_uIrqOdUHQ==/7970359792489532.jpg,117万,2013-12-11,http://vodkgeyttp8.vod.126.net/cloudmusic/MiEhZDAgIiEgOCAwYCAwMA==/mv/480206/5a45f491bc0c2fda3ef0c4df9659219e.mp4?wsSecret=cc92116f4b160f68dc99bae0039244bd&wsTime=1557752288,http://vodkgeyttp8.vod.126.net/cloudmusic/MiEhZDAgIiEgOCAwYCAwMA==/mv/480206/48961da588c3311e88ab11394c370cb3.mp4?wsSecret=8afe39603a4117995a16aa89ec1a80e1&wsTime=1557752288,http://vodkgeyttp8.vod.126.net/cloudmusic/MiEhZDAgIiEgOCAwYCAwMA==/mv/480206/67bbc82d82be3c490d789c12df5c65f0.mp4?wsSecret=3c1682c73ae9a096408612a7c653ee1a&wsTime=1557752288,http://vodkgeyttp8.vod.126.net/cloudmusic/MiEhZDAgIiEgOCAwYCAwMA==/mv/480206/84321b937f882e84d3e122fc223f0796.mp4?wsSecret=a1881f142e0f951b67c76881ac120420&wsTime=1557752288
5701012,The Making of a Song “Gorgeous”,Taylor Swift,霉霉Taylor Swift新单《Gorgeous》官方幕后制作花絮发布！,http://p1.music.126.net/b34HOFzH6WPLnsfGnJ9jjw==/109951163054613441.jpg,72万,2017-11-01,http://vodkgeyttp8.vod.126.net/cloudmusic/mv/20171102105709/a35d8a6f-52b8-4764-80c7-044502be4992/207bd51f661f715b47b1d7e16e1d0757.mp4?wsSecret=12edb1c5e647fd04dd1025ca2bdfafdf&wsTime=1557752289,http://vodkgeyttp8.vod.126.net/cloudmusic/mv/20171102105709/a35d8a6f-52b8-4764-80c7-044502be4992/0d2b772333608ace27492ed132cc7235.mp4?wsSecret=6de2982792a6fbe1fb48f9d658b7059f&wsTime=1557752289,http://vodkgeyttp8.vod.126.net/cloudmusic/mv/20171102105709/a35d8a6f-52b8-4764-80c7-044502be4992/0325450301eb34d7d1d30eb7daaa0656.mp4?wsSecret=394aae06df55790ad6faf5141f7c8e1b&wsTime=1557752289,http://vodkgeyttp8.vod.126.net/cloudmusic/mv/20171102105709/a35d8a6f-52b8-4764-80c7-044502be4992/fa8928cf69f506a0cb08e89a93b51c53.mp4?wsSecret=0d7ba04cd695fc5944e0eaba13798bb8&wsTime=1557752289
5709029,Taylor Swift新专辑《Reputation》预告片,Taylor Swift,霉霉Taylor Swift全新专辑《Reputation》将于11月7日00:00在网易云音乐开始预售，11月10正式发布！你们期待的TS6真的来啦！你准备怎样为霉霉新专花式打call？！,http://p1.music.126.net/TI6LTpc6ixxRmx56Ll-a4A==/109951163057234195.jpg,43万,2017-11-06,http://vodkgeyttp8.vod.126.net/cloudmusic/mv/20171106033447/58e45418-2c4b-4026-af0f-850e5a5429e0/930cc35822ce61fe1507af4c6d92b69e.mp4?wsSecret=03ec1ff848eff88b303be3186157de50&wsTime=1557752289,,,
325218,Teardrops On My Guitar,Taylor Swift,,http://p1.music.126.net/JB5RevBKd91N4PwT6_BGTg==/8978611952484398.jpg,31万,2007-01-01,http://vodkgeyttp8.vod.126.net/cloudmusic/YDIhIDAkIDAgYmAhJGAwYA==/mv/325218/3d205c4738e6f1ea11d2b2ae3ad958eb.mp4?wsSecret=ad242a2cfe9a2dad5b8d74f5ff061ac3&wsTime=1557752290,,,
365679,Blank Space(Live at AMA's 2014),Taylor Swift,,http://p1.music.126.net/NlLZkRL-s_PVreOfQ1GICQ==/3232564186618498.jpg,32万,2014-11-24,http://vodkgeyttp8.vod.126.net/cloudmusic/MzA1YWEgICEwYjIwYGIgJQ==/mv/365679/c3cc7d2f730dc8a3c80ae73f8d59991e.mp4?wsSecret=94ac1c5fcd45352694bc85d804b77337&wsTime=1557752291,http://vodkgeyttp8.vod.126.net/cloudmusic/MzA1YWEgICEwYjIwYGIgJQ==/mv/365679/c61cf09f0d652ebcd169be5cac4f688d.mp4?wsSecret=9a2a5d075dcfc1f8aae5b2576bc8d135&wsTime=1557752291,http://vodkgeyttp8.vod.126.net/cloudmusic/MzA1YWEgICEwYjIwYGIgJQ==/mv/365679/a8ddc8e8ce23ee6e5275b552b7037114.mp4?wsSecret=62f837b0e59af1578ad131230354efae&wsTime=1557752291,
5860052,Delicate Music Video Dance Rehearsal Part 1,Taylor Swift,,http://p1.music.126.net/zA2fOCo1saQm9dTOcsVA7w==/109951163195533230.jpg,14万,2018-03-13,http://vodkgeyttp8.vod.126.net/cloudmusic/mv/20180318021424/5ac6713a-af13-45ab-9ae7-eea02359fa7f/0305f2e97479aa708a51dee229d87991.mp4?wsSecret=0e19c9c1065bf324fa0946b601957f66&wsTime=1557752292,http://vodkgeyttp8.vod.126.net/cloudmusic/mv/20180318021424/5ac6713a-af13-45ab-9ae7-eea02359fa7f/0c6bdfb0a6388e3b04a5304ab9fcdf22.mp4?wsSecret=436b29464c56c762b7f77c189f08d4b0&wsTime=1557752293,http://vodkgeyttp8.vod.126.net/cloudmusic/mv/20180318021424/5ac6713a-af13-45ab-9ae7-eea02359fa7f/ee4779eb42dc28e23f413f14da502d99.mp4?wsSecret=466fce9b7ee05f52b50607fa75d32cd9&wsTime=1557752293,http://vodkgeyttp8.vod.126.net/cloudmusic/mv/20180318021424/5ac6713a-af13-45ab-9ae7-eea02359fa7f/baba1d4eedac57d67479a5e6f858011b.mp4?wsSecret=cb13fbd74c33d81830f2902e3144c372&wsTime=1557752293
10770101,Jump Then Fall (Live at reputation stadium tour),Taylor Swift,,http://p1.music.126.net/jB-udB6iqtAO47oIpm3MPw==/109951163523443423.jpg,12万,2018-08-29,http://vodkgeyttp8.vod.126.net/cloudmusic/ea89/mv/9a2a/579bf6f13d95e1f57dc4a9000361147a.mp4?wsSecret=7b87a4a484233bc7430c4bedec48a8e6&wsTime=1557752293,http://vodkgeyttp8.vod.126.net/cloudmusic/ea89/mv/9a2a/32fc8ce8186478b50db39e79367c6698.mp4?wsSecret=ad10bf665f56f8388ef671c91b934365&wsTime=1557752293,http://vodkgeyttp8.vod.126.net/cloudmusic/ea89/mv/9a2a/0496c159efc27d12c1a2cb4ce782cc08.mp4?wsSecret=2d5173c322561c04771fbe51ca2c26ae&wsTime=1557752293,http://vodkgeyttp8.vod.126.net/cloudmusic/ea89/mv/9a2a/915261cf9295f4fb628fe705e18f7cbd.mp4?wsSecret=e653361429b1f13fd93159f77f908b51&wsTime=1557752293
5269140,We Are Never Ever Getting Back Together(Taylor Swift Cover),MY FIRST STORY,,http://p1.music.126.net/2xhrAWOrYRtBroM1FbwC4A==/3276544658517647.jpg,27万,2016-01-08,http://vodkgeyttp8.vod.126.net/cloudmusic/MSUhMCEgIGQ0ISYiMTEhJA==/mv/5269140/f651614f09628e544136e7c218bc77d2.mp4?wsSecret=f6e8310be2037e039eda8ea9b5235dfa&wsTime=1557752294,http://vodkgeyttp8.vod.126.net/cloudmusic/MSUhMCEgIGQ0ISYiMTEhJA==/mv/5269140/843bb0208c93336d1e819472d6a45c57.mp4?wsSecret=33eb4e2d86c39bce5ded456f4260ec2f&wsTime=1557752294,http://vodkgeyttp8.vod.126.net/cloudmusic/MSUhMCEgIGQ0ISYiMTEhJA==/mv/5269140/1a8adbab9307b029b14b6f7e4fc8f3ed.mp4?wsSecret=751dd8910d4307821c905bec282ce2b1&wsTime=1557752294,
32577,Ours,Taylor Swift,,http://p1.music.126.net/TujD4yUDrNOuv9d4K35SNg==/5992338371379305.jpg,31万,2013-05-17,http://vodkgeyttp8.vod.126.net/cloudmusic/OCMiIGE1JCBgIDAwMDYiYQ==/mv/32577/e5789cc274f9f833a42cad8c4ca7ce2a.mp4?wsSecret=4af1a332069e134d5bdea00d19e8becd&wsTime=1557752295,http://vodkgeyttp8.vod.126.net/cloudmusic/OCMiIGE1JCBgIDAwMDYiYQ==/mv/32577/8e62d102278a1bfb955ed40dc86e8af8.mp4?wsSecret=6c44fad2b02df0990047233079161df6&wsTime=1557752295,http://vodkgeyttp8.vod.126.net/cloudmusic/OCMiIGE1JCBgIDAwMDYiYQ==/mv/32577/edbf096e16212f9ec97c5361d71abee8.mp4?wsSecret=97f2de714d03f33d8749bc95a11c02a2&wsTime=1557752295,http://vodkgeyttp8.vod.126.net/cloudmusic/OCMiIGE1JCBgIDAwMDYiYQ==/mv/32577/c12a933af0af89de73627598c2eeb89f.mp4?wsSecret=f631df64d0a43ca9ece55806304aaf45&wsTime=1557752295
5465021,All Too Well (Super Saturday Night),Taylor Swift,霉霉Taylor Swift今年超级碗预热演唱会Super Saturday Night表演的《All Too Well》MV发布！,http://p1.music.126.net/CRAg-0eevMe-LXYjeOhPXA==/19006157997765796.jpg,65万,2017-03-15,http://vodkgeyttp8.vod.126.net/cloudmusic/ICBgYCIgODAiICIgIGIkMA==/mv/5465021/eb2d092e2fde0fd244e0f01adb7d86a1.mp4?wsSecret=c6bd35a0dee804e408adef4de0447a50&wsTime=1557752296,http://vodkgeyttp8.vod.126.net/cloudmusic/ICBgYCIgODAiICIgIGIkMA==/mv/5465021/8df182034af2d48ca773ed3182846925.mp4?wsSecret=11b9407f837cee7d606570131764aa1f&wsTime=1557752296,http://vodkgeyttp8.vod.126.net/cloudmusic/ICBgYCIgODAiICIgIGIkMA==/mv/5465021/02c6d14b9185d30ff2d4ca1efb6f486c.mp4?wsSecret=46a21169ac182835a910e87217cf389b&wsTime=1557752296,http://vodkgeyttp8.vod.126.net/cloudmusic/ICBgYCIgODAiICIgIGIkMA==/mv/5465021/b158fb3bb3b32457ff5658189c3f9d0b.mp4?wsSecret=fd8c9eb878ca818f680ddd1ebb0651c0&wsTime=1557752296
382708,All Too Well 第56届格莱美颁奖礼排练,Taylor Swift,,http://p1.music.126.net/o2Zkt46WY8cxYl3SIiGSAw==/7717472115536897.jpg,30万,2014-01-27,http://vodkgeyttp8.vod.126.net/cloudmusic/MCBiISEgITQwJGUxJGJkNQ==/mv/382708/5c401be890e7f4d5b9270fb34966fbd7.mp4?wsSecret=7213c4ec6a1cd67b41a2c9d8037456b4&wsTime=1557752298,http://vodkgeyttp8.vod.126.net/cloudmusic/MCBiISEgITQwJGUxJGJkNQ==/mv/382708/eb6d3273de910c43c17743317d772895.mp4?wsSecret=638c9c5d4d66878249ac63197bcf9932&wsTime=1557752298,http://vodkgeyttp8.vod.126.net/cloudmusic/MCBiISEgITQwJGUxJGJkNQ==/mv/382708/60877c6b166ad32ed7772f7c7a1174ca.mp4?wsSecret=12c10e6a222af6268a8b183a2e99d63a&wsTime=1557752298,
524211,This Love 2015维密圣诞宣传版,Taylor Swift,"霉霉联手维秘，最新圣诞宣传片《This Love》公开！宣传片取景自永恒之城罗马，配着霉霉的热门单曲《This Love》,镜头穿梭摇晃在罗马城中，各个模特唯美亮相。",http://p1.music.126.net/HmbV2Td9dd20aCswKQ-e1A==/3242459793609730.jpg,72万,2015-12-10,http://vodkgeyttp8.vod.126.net/cloudmusic/MDAyMSNkYDEwMDAgNjAhIA==/mv/524211/08eeddc59b995e37ea97bac391a222ad.mp4?wsSecret=10fe39b1ff8caaf991ff3114af2ba5bd&wsTime=1557752299,http://vodkgeyttp8.vod.126.net/cloudmusic/MDAyMSNkYDEwMDAgNjAhIA==/mv/524211/263cb46c8bf459c9de34e6d45c9b8af8.mp4?wsSecret=7fee957613a7176ac68558a9d3dd960e&wsTime=1557752299,http://vodkgeyttp8.vod.126.net/cloudmusic/MDAyMSNkYDEwMDAgNjAhIA==/mv/524211/c8267bda73158829c583046e71bae650.mp4?wsSecret=da9b26f5cd652f8e738aef74f9dc0fee&wsTime=1557752299,
467149,Trini Dem Girls+The Night Is Still Young+Bad Blood(Live @ VMA 2015),Nicki Minaj,,http://p1.music.126.net/sWzFNTlZEcHVzYkvA9c6ag==/3251255883802119.jpg,61万,2015-08-30,http://vodkgeyttp8.vod.126.net/cloudmusic/IWEgJiEgISUiJDIxICIwJA==/mv/467149/7b7c289b3759acdab9d29ff5304feba4.mp4?wsSecret=dc79da68f54823631bb6a298c0e0f630&wsTime=1557752300,http://vodkgeyttp8.vod.126.net/cloudmusic/IWEgJiEgISUiJDIxICIwJA==/mv/467149/228e9f8c97e6ec9e6f63f452400a3c76.mp4?wsSecret=2a8fb0bb8a71dd112be2e45f06687848&wsTime=1557752300,http://vodkgeyttp8.vod.126.net/cloudmusic/IWEgJiEgISUiJDIxICIwJA==/mv/467149/02a24a2f45c2d47306e8b372efe46dbf.mp4?wsSecret=82e30696ec0e679a2e8ec27910e4ce8a&wsTime=1557752300,
5415021,I Don't Wanna Live Forever (Fifty Shades Darker),Taylor Swift,Zayn联手霉霉Taylor Swift献唱《五十度黑》主题曲《I Don't Wanna Live Forever》官方电影版歌词MV发布！,http://p1.music.126.net/wJmkZElo-887VZqiOoPXKg==/18675205000024311.jpg,275万,2016-12-15,http://vodkgeyttp8.vod.126.net/cloudmusic/MCAgMDAhMCQkNCEgIDU5IQ==/mv/5415021/ce130512520704fc0424a08bd4bf3327.mp4?wsSecret=8158fffeb0fcbcb8bda8106ab3bd36b4&wsTime=1557752301,http://vodkgeyttp8.vod.126.net/cloudmusic/MCAgMDAhMCQkNCEgIDU5IQ==/mv/5415021/718b7705447dbec7054063f28f7d33c9.mp4?wsSecret=83e67ece8a15eb022f4f296cc73237ad&wsTime=1557752301,http://vodkgeyttp8.vod.126.net/cloudmusic/MCAgMDAhMCQkNCEgIDU5IQ==/mv/5415021/9d2267527c489c0b279a05f6f86944ce.mp4?wsSecret=911406941f825490f16831644922f031&wsTime=1557752301,http://vodkgeyttp8.vod.126.net/cloudmusic/MCAgMDAhMCQkNCEgIDU5IQ==/mv/5415021/889f670d7a5c560bccf2252c3f3eb4c5.mp4?wsSecret=a316297c48ffced711a3e28cbee85a5d&wsTime=1557752301
325222,The Best Day,Taylor Swift,,http://p1.music.126.net/OaSfMbgXXAKqR48SV54tZg==/8986308533881171.jpg,28万,2009-01-01,http://vodkgeyttp8.vod.126.net/cloudmusic/ISEkIDAwICIwMSE2MGEhIQ==/mv/325222/0805267203d49b208ade6421c70f7946.mp4?wsSecret=c8c3d1a48eb7de7fed85821424c9be45&wsTime=1557752302,,,
10866604,ME! Behind The Scenes: Je Suis Calme,Taylor Swift,《ME!》音乐录像带幕后拍摄花絮第二弹，释出MV开头Taylor Swift与Brendon Urie用法语争吵部分的花絮。,http://p1.music.126.net/HdllN_XZ8NVQRAqGCi7_Xw==/109951164042781803.jpg,4万,2019-05-01,http://vodkgeyttp8.vod.126.net/cloudmusic/acb3/core/09f3/cf8a6fbd4c8476774bf02f2c246cc97a.mp4?wsSecret=38a4ab071ca67c5c90b11d9935b4ee48&wsTime=1557752302,http://vodkgeyttp8.vod.126.net/cloudmusic/acb3/core/09f3/e4c669181b8800c121ad4c4b9576b43c.mp4?wsSecret=e09ca4274d6bcc2135b72e523ce31d61&wsTime=1557752302,,http://vodkgeyttp8.vod.126.net/cloudmusic/acb3/core/09f3/ff1b47be9a3fa63fb20718b47f135e79.mp4?wsSecret=7b487726feee3a7d0d5b54b2c5b62368&wsTime=1557752302
501258,Out Of The Woods (Live at GRAMMY Museum),Taylor Swift,Taylor Swift格莱美博物馆现场深情弹唱热单Out Of The Woods钢琴版。,http://p1.music.126.net/gxvbbbXfNsgSjjTF4zo7SQ==/3429376768564702.jpg,29万,2015-10-28,http://vodkgeyttp8.vod.126.net/cloudmusic/MTAwICA3MCAwIGA0IDAxMQ==/mv/501258/df315b187a314519d3ec2d3009f73c48.mp4?wsSecret=8c77ee86d7597e776e7015b1c34d6da6&wsTime=1557752303,http://vodkgeyttp8.vod.126.net/cloudmusic/MTAwICA3MCAwIGA0IDAxMQ==/mv/501258/875d9ff7fa51cb12b62db70bffb1a85c.mp4?wsSecret=921103d9cc646bed92adc35c8212a559&wsTime=1557752303,http://vodkgeyttp8.vod.126.net/cloudmusic/MTAwICA3MCAwIGA0IDAxMQ==/mv/501258/f02029e74bdccfdd765a855556cfc267.mp4?wsSecret=60aef978c18dc247a147cbbd93deda89&wsTime=1557752303,http://vodkgeyttp8.vod.126.net/cloudmusic/MTAwICA3MCAwIGA0IDAxMQ==/mv/501258/a6733455500bca15d3c72af7d9d01ad6.mp4?wsSecret=1f2584207fa34dc31963802d1ce9d6f2&wsTime=1557752303
5461046,Super Saturday Night (超级碗预热演唱会Part2),Taylor Swift,霉霉Taylor Swift今年超级碗预热演唱会官方第二部分完整版出炉！表演了I Don't Wanna Live Forever，You Belong With Me，Red和All Too Well,http://p1.music.126.net/tEmnaQJjfcjlyh4y24GwYQ==/19200771555881742.jpg,72万,2017-03-15,http://vodkgeyttp8.vod.126.net/cloudmusic/NyIgMDBhNCQiJCIiICAwIQ==/mv/5461046/f56a144afcb26c4f1e74f94069431671.mp4?wsSecret=37adcefa21bfa83849dc5f4e449a1085&wsTime=1557752305,http://vodkgeyttp8.vod.126.net/cloudmusic/NyIgMDBhNCQiJCIiICAwIQ==/mv/5461046/011c9e644b3b13df26dc5789c9494c21.mp4?wsSecret=7312225e1c68963485e449f3312b3f67&wsTime=1557752305,http://vodkgeyttp8.vod.126.net/cloudmusic/NyIgMDBhNCQiJCIiICAwIQ==/mv/5461046/fd76b06c7b6c8cfa31be37aa340d1d6c.mp4?wsSecret=d79a33ba7dbcbbb6e43532041a0ce358&wsTime=1557752305,http://vodkgeyttp8.vod.126.net/cloudmusic/NyIgMDBhNCQiJCIiICAwIQ==/mv/5461046/8f7b0ec14c16e46ddac10c473c0a5b46.mp4?wsSecret=1e36a1121ddb6bcccdd639d9299b1e3f&wsTime=1557752305
349515,Riptide (Live Lounge),Taylor Swift,,http://p1.music.126.net/oXOvWkLaaehMkbopsUJZTg==/2543170395827929.jpg,27万,2014-10-09,http://vodkgeyttp8.vod.126.net/cloudmusic/MTAwMCEgYjAwMCQxIDg0IA==/mv/349515/a76bb9d7c64c24affe1f3325a600953f.mp4?wsSecret=0990d7a89697425be81f8ebaad58c4ed&wsTime=1557752306,http://vodkgeyttp8.vod.126.net/cloudmusic/MTAwMCEgYjAwMCQxIDg0IA==/mv/349515/0088a4f05cdc9742b1327d1c4e931346.mp4?wsSecret=38260928536bbb82e6ce22c6579898d9&wsTime=1557752306,http://vodkgeyttp8.vod.126.net/cloudmusic/MTAwMCEgYjAwMCQxIDg0IA==/mv/349515/2ce5251c76adac2caa510795cfad1b4d.mp4?wsSecret=98f29ba4e039b3e0e2dee6efc647feaa&wsTime=1557752306,http://vodkgeyttp8.vod.126.net/cloudmusic/MTAwMCEgYjAwMCQxIDg0IA==/mv/349515/043a3c86dd8245dd0146f62a0487ff74.mp4?wsSecret=c5bb1076600f307452be8737c10d6397&wsTime=1557752306
32567,Fifteen,Taylor Swift,,http://p1.music.126.net/SaleqO5sEU_w5fzG3hhdeg==/6027522743468083.jpg,27万,2013-05-17,http://vodkgeyttp8.vod.126.net/cloudmusic/MDUgNCAhJCJhIDAlIjBkIA==/mv/32567/44aaa3f56ac5671af583c564924b0154.mp4?wsSecret=0c1a3d59cda72f23302ac9227b59121d&wsTime=1557752308,http://vodkgeyttp8.vod.126.net/cloudmusic/MDUgNCAhJCJhIDAlIjBkIA==/mv/32567/48ed35e81baa836c62f4b47bcdfe6c43.mp4?wsSecret=5fe2bd42baecbccd7b64a5fba5a4ba57&wsTime=1557752308,,
499082,Speak Now World Tour Live 2011,Taylor Swift,,http://p1.music.126.net/TNRJcDxoFJX39lV-6CMGAA==/3272146607375041.jpg,27万,2011-01-01,http://vodkgeyttp8.vod.126.net/cloudmusic/MiAgMDAgJDAkMCBhICEhIA==/mv/499082/ebb6dc75f73cd127f59ec83737f4485e.mp4?wsSecret=26887f5634f6d32fa496241b2827c1cb&wsTime=1557752310,http://vodkgeyttp8.vod.126.net/cloudmusic/MiAgMDAgJDAkMCBhICEhIA==/mv/499082/5bdf8f76297789b440701ec856323b7e.mp4?wsSecret=db247402a5b0fc451fef09cd18c181dc&wsTime=1557752310,http://vodkgeyttp8.vod.126.net/cloudmusic/MiAgMDAgJDAkMCBhICEhIA==/mv/499082/37d2301d214f7f010410558667bed719.mp4?wsSecret=ed673e415af883af1d86e6d6ac555825&wsTime=1557752310,
358368,Shake It Off (Live at Sukkiri),Taylor Swift,,http://p1.music.126.net/m-2jrgKo1x-sSSYXO-nDgw==/3239161255857251.jpg,8万,2014-11-06,http://vodkgeyttp8.vod.126.net/cloudmusic/JGQ0IjAgIiAxJDJgIDAjIA==/mv/358368/01b117bbe55d5308a881caae689f683a.mp4?wsSecret=774a4637cbb652b0d196e6d4acff1234&wsTime=1557752311,http://vodkgeyttp8.vod.126.net/cloudmusic/JGQ0IjAgIiAxJDJgIDAjIA==/mv/358368/0e350c0ade0ca3d06883a2352401a3d7.mp4?wsSecret=da709c1f259b269b46d8a1175b115ded&wsTime=1557752311,http://vodkgeyttp8.vod.126.net/cloudmusic/JGQ0IjAgIiAxJDJgIDAjIA==/mv/358368/b176e500a77546c0e86b601e59a421f9.mp4?wsSecret=5360bf7f4f741804b39693fd23d66577&wsTime=1557752311,http://vodkgeyttp8.vod.126.net/cloudmusic/JGQ0IjAgIiAxJDJgIDAjIA==/mv/358368/dbe0e3ae4efb7df9258aa73a46ce260f.mp4?wsSecret=6f18c687590cccb06b279fec3c8f03fd&wsTime=1557752311
